This is LuaHBTeX, Version 1.24.0 (TeX Live 2026)  (format=lualatex 2026.3.22)  13 AUG 2026 14:28
 system commands enabled.
**main.tex
(./main.tex
LaTeX2e <2025-11-01>
L3 programming layer <2026-01-19>
Lua module: luaotfload 2024-12-03 v3.29 Lua based OpenType font support
Lua module: lualibs 2023-07-13 v2.76 ConTeXt Lua standard libraries.
Lua module: lualibs-extended 2023-07-13 v2.76 ConTeXt Lua libraries -- extended 
collection.
luaotfload | conf : Root cache directory is "/Users/chuckrocca/Library/texlive/2
026/texmf-var/luatex-cache/generic/names".
luaotfload | init : Loading fontloader "fontloader-2023-12-28.lua" from kpse-res
olved path "/usr/local/texlive/2026/texmf-dist/tex/luatex/luaotfload/fontloader-
2023-12-28.lua".
Lua-only attribute luaotfload@noligature = 1
luaotfload | init : Context OpenType loader version 3.134
Inserting `luaotfload.node_processor' in `pre_linebreak_filter'.
Inserting `luaotfload.node_processor' in `hpack_filter'.
Inserting `luaotfload.glyph_stream' in `glyph_stream_provider'.
Inserting `luaotfload.define_font' in `define_font'.
Lua-only attribute luaotfload_color_attribute = 2
luaotfload | conf : Root cache directory is "/Users/chuckrocca/Library/texlive/2
026/texmf-var/luatex-cache/generic/names".
Inserting `luaotfload.harf.strip_prefix' in `find_opentype_file'.
Inserting `luaotfload.harf.strip_prefix' in `find_truetype_file'.
Removing  `luaotfload.glyph_stream' from `glyph_stream_provider'.
Inserting `luaotfload.harf.glyphstream' in `glyph_stream_provider'.
Inserting `luaotfload.harf.finalize_vlist' in `post_linebreak_filter'.
Inserting `luaotfload.harf.finalize_hlist' in `hpack_filter'.
Inserting `luaotfload.cleanup_files' in `wrapup_run'.
Inserting `luaotfload.harf.finalize_unicode' in `finish_pdffile'.
Inserting `luaotfload.glyphinfo' in `glyph_info'.
Lua-only attribute luaotfload.letterspace_done = 3
Inserting `luaotfload.aux.set_sscale_dimens' in `luaotfload.patch_font'.
Inserting `luaotfload.aux.set_font_index' in `luaotfload.patch_font'.
Inserting `luaotfload.aux.patch_cambria_domh' in `luaotfload.patch_font'.
Inserting `luaotfload.aux.fixup_fontdata' in `luaotfload.patch_font_unsafe'.
Inserting `luaotfload.aux.set_capheight' in `luaotfload.patch_font'.
Inserting `luaotfload.aux.set_xheight' in `luaotfload.patch_font'.
Inserting `luaotfload.rewrite_fontname' in `luaotfload.patch_font'.
Inserting `tracingstacklevels' in `input_level_string'. (/usr/local/texlive/202
6/texmf-dist/tex/latex/base/book.cls
Document Class: book 2025/01/22 v1.4n Standard LaTeX document class
(/usr/local/texlive/2026/texmf-dist/tex/latex/base/bk12.clo
File: bk12.clo 2025/01/22 v1.4n Standard LaTeX file (size option)
luaotfload | db : Font names database loaded from /Users/chuckrocca/Library/texl
ive/2026/texmf-var/luatex-cache/generic/names/luaotfload-names.luc.gz)
\c@part=\count273
\c@chapter=\count274
\c@section=\count275
\c@subsection=\count276
\c@subsubsection=\count277
\c@paragraph=\count278
\c@subparagraph=\count279
\c@figure=\count280
\c@table=\count281
\abovecaptionskip=\skip49
\belowcaptionskip=\skip50
\bibindent=\dimen147
)
(./tex/Discrete_Header.tex
(/usr/local/texlive/2026/texmf-dist/tex/generic/babel/babel.sty
Package: babel 2026/03/08 v26.4 The multilingual framework for LuaLaTeX, pdfLaT
eX and XeLaTeX

(/usr/local/texlive/2026/texmf-dist/tex/generic/babel/luababel.def
\bbl@readstream=\read2
\l@dumylang=\language2
Package babel Info: Non-standard hyphenation setup on input line 118.
\l@nohyphenation=\language3
\l@german-x-2024-02-28=\language4
\l@ngerman-x-2024-02-28=\language5
\l@afrikaans=\language6
\l@albanian=\language7
\l@ancientgreek=\language8
\l@ibycus=\language9
\l@arabic=\language10
\l@armenian=\language11
\l@basque=\language12
\l@belarusian=\language13
\l@bulgarian=\language14
\l@catalan=\language15
\l@pinyin=\language16
\l@churchslavonic=\language17
\l@coptic=\language18
\l@croatian=\language19
\l@czech=\language20
\l@danish=\language21
\l@dutch=\language22
\l@ukenglish=\language23
\l@usenglishmax=\language24
\l@esperanto=\language25
\l@estonian=\language26
\l@ethiopic=\language27
\l@farsi=\language28
\l@finnish=\language29
\l@schoolfinnish=\language30
\l@french=\language31
\l@friulan=\language32
\l@galician=\language33
\l@georgian=\language34
\l@german=\language35
\l@ngerman=\language36
\l@swissgerman=\language37
\l@greek=\language38
\l@monogreek=\language39
\l@hebrew=\language40
\l@hungarian=\language41
\l@icelandic=\language42
\l@assamese=\language43
\l@bengali=\language44
\l@gujarati=\language45
\l@hindi=\language46
\l@kannada=\language47
\l@malayalam=\language48
\l@marathi=\language49
\l@oriya=\language50
\l@pali=\language51
\l@panjabi=\language52
\l@tamil=\language53
\l@telugu=\language54
\l@indonesian=\language55
\l@interlingua=\language56
\l@irish=\language57
\l@italian=\language58
\l@kazakh=\language59
\l@kurmanji=\language60
\l@classiclatin=\language61
\l@latin=\language62
\l@liturgicallatin=\language63
\l@latvian=\language64
\l@lithuanian=\language65
\l@macedonian=\language66
\l@mongolian=\language67
\l@mongolianlmc=\language68
\l@bokmal=\language69
\l@nynorsk=\language70
\l@occitan=\language71
\l@piedmontese=\language72
\l@polish=\language73
\l@portuguese=\language74
\l@romanian=\language75
\l@romansh=\language76
\l@russian=\language77
\l@sanskrit=\language78
\l@serbian=\language79
\l@serbianc=\language80
\l@slovak=\language81
\l@slovenian=\language82
\l@spanish=\language83
\l@swedish=\language84
\l@thai=\language85
\l@turkish=\language86
\l@turkmen=\language87
\l@ukrainian=\language88
\l@uppersorbian=\language89
\l@vietnamese=\language90
\l@welsh=\language91
\babelcatcodetablenum=\catcodetable14
\bbl@pattcodes=\catcodetable15
)
\babel@savecnt=\count282
LaTeX Encoding Info:    Redeclaring text command \ij (encoding OT1) on input li
ne 2078.
LaTeX Encoding Info:    Redeclaring text command \IJ (encoding OT1) on input li
ne 2080.
LaTeX Encoding Info:    Redeclaring text command \ij (encoding T1) on input lin
e 2082.
LaTeX Encoding Info:    Redeclaring text command \IJ (encoding T1) on input lin
e 2083.
LaTeX Encoding Info:    Ignoring declaration for text command \ij (encoding ?) 
on input line 2084.
LaTeX Encoding Info:    Ignoring declaration for text command \IJ (encoding ?) 
on input line 2086.
LaTeX Encoding Info:    Ignoring declaration for text command \SS (encoding ?) 
on input line 2111.
\U@D=\dimen148
\l@unhyphenated=\language92

(/usr/local/texlive/2026/texmf-dist/tex/generic/babel/luababel.def
\bbl@attr@locale=\attribute4
)
(/usr/local/texlive/2026/texmf-dist/tex/generic/babel/locale/en/babel-english.t
ex)
Package babel Info: Importing font and identification data for english
(babel)             from babel-en.ini. Reported on input line 4330.
 (/usr/local/texlive/2026/texmf-dist/tex/generic/babel-english/english.ldf
Language: english 2017/06/06 v3.3r English support from the babel system
Package babel Info: Hyphen rules for 'canadian' set to \l@english
(babel)             (\language0). Reported on input line 102.
Package babel Info: Hyphen rules for 'australian' set to \l@ukenglish
(babel)             (\language23). Reported on input line 105.
Package babel Info: Hyphen rules for 'newzealand' set to \l@ukenglish
(babel)             (\language23). Reported on input line 108.
)) (/usr/local/texlive/2026/texmf-dist/tex/latex/biblatex/biblatex.sty
Package: biblatex 2025/07/10 v3.21 programmable bibliographies (PK/MW)

(/usr/local/texlive/2026/texmf-dist/tex/generic/pdftexcmds/pdftexcmds.sty
Package: pdftexcmds 2020-06-27 v0.33 Utility functions of pdfTeX for LuaTeX (HO
)

(/usr/local/texlive/2026/texmf-dist/tex/generic/infwarerr/infwarerr.sty
Package: infwarerr 2019/12/03 v1.5 Providing info/warning/error messages (HO)
)
(/usr/local/texlive/2026/texmf-dist/tex/generic/iftex/iftex.sty
Package: iftex 2024/12/12 v1.0g TeX engine tests
)
(/usr/local/texlive/2026/texmf-dist/tex/generic/ltxcmds/ltxcmds.sty
Package: ltxcmds 2023-12-04 v1.26 LaTeX kernel commands for general use (HO)
)
Package pdftexcmds Info: \pdf@primitive is available.
Package pdftexcmds Info: \pdf@ifprimitive is available.
Package pdftexcmds Info: \pdfdraftmode found.
\pdftexcmds@toks=\toks17
)
(/usr/local/texlive/2026/texmf-dist/tex/latex/etoolbox/etoolbox.sty
Package: etoolbox 2025/10/02 v2.5m e-TeX tools for LaTeX (JAW)
\etb@tempcnta=\count283
)
(/usr/local/texlive/2026/texmf-dist/tex/latex/graphics/keyval.sty
Package: keyval 2022/05/29 v1.15 key=value parser (DPC)
\KV@toks@=\toks18
)
(/usr/local/texlive/2026/texmf-dist/tex/latex/kvoptions/kvoptions.sty
Package: kvoptions 2022-06-15 v3.15 Key value format for package options (HO)

(/usr/local/texlive/2026/texmf-dist/tex/latex/kvsetkeys/kvsetkeys.sty
Package: kvsetkeys 2022-10-05 v1.19 Key value parser (HO)
))
(/usr/local/texlive/2026/texmf-dist/tex/latex/logreq/logreq.sty
Package: logreq 2010/08/04 v1.0 xml request logger
\lrq@indent=\count284

(/usr/local/texlive/2026/texmf-dist/tex/latex/logreq/logreq.def
File: logreq.def 2010/08/04 v1.0 logreq spec v1.0
))
(/usr/local/texlive/2026/texmf-dist/tex/latex/base/ifthen.sty
Package: ifthen 2024/03/16 v1.1e Standard LaTeX ifthen package (DPC)
)
(/usr/local/texlive/2026/texmf-dist/tex/latex/url/url.sty
\Urlmuskip=\muskip17
Package: url 2013/09/16  ver 3.4  Verb mode for urls, etc.
)
\c@tabx@nest=\count285
\c@listtotal=\count286
\c@listcount=\count287
\c@liststart=\count288
\c@liststop=\count289
\c@citecount=\count290
\c@citetotal=\count291
\c@multicitecount=\count292
\c@multicitetotal=\count293
\c@instcount=\count294
\c@maxnames=\count295
\c@minnames=\count296
\c@maxitems=\count297
\c@minitems=\count298
\c@citecounter=\count299
\c@maxcitecounter=\count300
\c@savedcitecounter=\count301
\c@uniquelist=\count302
\c@uniquename=\count303
\c@refsection=\count304
\c@refsegment=\count305
\c@maxextratitle=\count306
\c@maxextratitleyear=\count307
\c@maxextraname=\count308
\c@maxextradate=\count309
\c@maxextraalpha=\count310
\c@abbrvpenalty=\count311
\c@highnamepenalty=\count312
\c@lownamepenalty=\count313
\c@maxparens=\count314
\c@parenlevel=\count315
\blx@tempcnta=\count316
\blx@tempcntb=\count317
\blx@tempcntc=\count318
\c@blx@maxsection=\count319
\blx@maxsegment@0=\count320
\blx@notetype=\count321
\blx@parenlevel@text=\count322
\blx@parenlevel@foot=\count323
\blx@sectionciteorder@0=\count324
\blx@sectionciteorderinternal@0=\count325
\blx@entrysetcounter=\count326
\blx@biblioinstance=\count327
\labelnumberwidth=\skip51
\labelalphawidth=\skip52
\biblabelsep=\skip53
\bibitemsep=\skip54
\bibnamesep=\skip55
\bibinitsep=\skip56
\bibparsep=\skip57
\bibhang=\skip58
\blx@bcfin=\read3
\blx@bcfout=\write3
\blx@langwohyphens=\language93
\c@mincomprange=\count328
\c@maxcomprange=\count329
\c@mincompwidth=\count330
Package biblatex Info: Trying to load biblatex default data model...
Package biblatex Info: ... file 'blx-dm.def' found.

(/usr/local/texlive/2026/texmf-dist/tex/latex/biblatex/blx-dm.def
File: blx-dm.def 2025/07/10 v3.21 biblatex datamodel (PK/MW)
)
Package biblatex Info: Trying to load biblatex style data model...
Package biblatex Info: ... file 'numeric.dbx' not found.
Package biblatex Info: Trying to load biblatex custom data model...
Package biblatex Info: ... file 'biblatex-dm.cfg' not found.
\c@afterword=\count331
\c@savedafterword=\count332
\c@annotator=\count333
\c@savedannotator=\count334
\c@author=\count335
\c@savedauthor=\count336
\c@bookauthor=\count337
\c@savedbookauthor=\count338
\c@commentator=\count339
\c@savedcommentator=\count340
\c@editor=\count341
\c@savededitor=\count342
\c@editora=\count343
\c@savededitora=\count344
\c@editorb=\count345
\c@savededitorb=\count346
\c@editorc=\count347
\c@savededitorc=\count348
\c@foreword=\count349
\c@savedforeword=\count350
\c@holder=\count351
\c@savedholder=\count352
\c@introduction=\count353
\c@savedintroduction=\count354
\c@namea=\count355
\c@savednamea=\count356
\c@nameb=\count357
\c@savednameb=\count358
\c@namec=\count359
\c@savednamec=\count360
\c@translator=\count361
\c@savedtranslator=\count362
\c@shortauthor=\count363
\c@savedshortauthor=\count364
\c@shorteditor=\count365
\c@savedshorteditor=\count366
\c@labelname=\count367
\c@savedlabelname=\count368
\c@institution=\count369
\c@savedinstitution=\count370
\c@lista=\count371
\c@savedlista=\count372
\c@listb=\count373
\c@savedlistb=\count374
\c@listc=\count375
\c@savedlistc=\count376
\c@listd=\count377
\c@savedlistd=\count378
\c@liste=\count379
\c@savedliste=\count380
\c@listf=\count381
\c@savedlistf=\count382
\c@location=\count383
\c@savedlocation=\count384
\c@organization=\count385
\c@savedorganization=\count386
\c@origlocation=\count387
\c@savedoriglocation=\count388
\c@origpublisher=\count389
\c@savedorigpublisher=\count390
\c@publisher=\count391
\c@savedpublisher=\count392
\c@language=\count393
\c@savedlanguage=\count394
\c@origlanguage=\count395
\c@savedoriglanguage=\count396
\c@pageref=\count397
\c@savedpageref=\count398
\shorthandwidth=\skip59
\shortjournalwidth=\skip60
\shortserieswidth=\skip61
\shorttitlewidth=\skip62
\shortauthorwidth=\skip63
\shorteditorwidth=\skip64
\locallabelnumberwidth=\skip65
\locallabelalphawidth=\skip66
\localshorthandwidth=\skip67
\localshortjournalwidth=\skip68
\localshortserieswidth=\skip69
\localshorttitlewidth=\skip70
\localshortauthorwidth=\skip71
\localshorteditorwidth=\skip72
Package biblatex Info: Trying to load enhanced support for Unicode engines...
Package biblatex Info: ... file 'blx-unicode.def' found.

(/usr/local/texlive/2026/texmf-dist/tex/latex/biblatex/blx-unicode.def)
Package biblatex Info: Trying to load compatibility code...
Package biblatex Info: ... file 'blx-compat.def' found.

(/usr/local/texlive/2026/texmf-dist/tex/latex/biblatex/blx-compat.def
File: blx-compat.def 2025/07/10 v3.21 biblatex compatibility (PK/MW)
)
Package biblatex Info: Trying to load generic definitions...
Package biblatex Info: ... file 'biblatex.def' found.

(/usr/local/texlive/2026/texmf-dist/tex/latex/biblatex/biblatex.def
File: biblatex.def 2025/07/10 v3.21 biblatex compatibility (PK/MW)
\c@textcitecount=\count399
\c@textcitetotal=\count400
\c@textcitemaxnames=\count401
\c@biburlbigbreakpenalty=\count402
\c@biburlbreakpenalty=\count403
\c@biburlnumpenalty=\count404
\c@biburlucpenalty=\count405
\c@biburllcpenalty=\count406
\biburlbigskip=\muskip18
\biburlnumskip=\muskip19
\biburlucskip=\muskip20
\biburllcskip=\muskip21
\c@smartand=\count407
)
Package biblatex Info: Trying to load bibliography style 'numeric'...
Package biblatex Info: ... file 'numeric.bbx' found.

(/usr/local/texlive/2026/texmf-dist/tex/latex/biblatex/bbx/numeric.bbx
File: numeric.bbx 2025/07/10 v3.21 biblatex bibliography style (PK/MW)
Package biblatex Info: Trying to load bibliography style 'standard'...
Package biblatex Info: ... file 'standard.bbx' found.

(/usr/local/texlive/2026/texmf-dist/tex/latex/biblatex/bbx/standard.bbx
File: standard.bbx 2025/07/10 v3.21 biblatex bibliography style (PK/MW)
\c@bbx:relatedcount=\count408
\c@bbx:relatedtotal=\count409
))
Package biblatex Info: Trying to load citation style 'numeric'...
Package biblatex Info: ... file 'numeric.cbx' found.

(/usr/local/texlive/2026/texmf-dist/tex/latex/biblatex/cbx/numeric.cbx
File: numeric.cbx 2025/07/10 v3.21 biblatex citation style (PK/MW)
Package biblatex Info: Redefining '\cite'.
Package biblatex Info: Redefining '\parencite'.
Package biblatex Info: Redefining '\footcite'.
Package biblatex Info: Redefining '\footcitetext'.
Package biblatex Info: Redefining '\smartcite'.
Package biblatex Info: Redefining '\supercite'.
Package biblatex Info: Redefining '\textcite'.
Package biblatex Info: Redefining '\textcites'.
Package biblatex Info: Redefining '\cites'.
Package biblatex Info: Redefining '\parencites'.
Package biblatex Info: Redefining '\smartcites'.
)
Package biblatex Info: Trying to load configuration file...
Package biblatex Info: ... file 'biblatex.cfg' found.

(/usr/local/texlive/2026/texmf-dist/tex/latex/biblatex/biblatex.cfg
File: biblatex.cfg 
)
Package biblatex Info: LuaTeX detected.
(biblatex)             Assuming input encoding 'utf8'.
Package biblatex Info: Document encoding is UTF8 ....

(/usr/local/texlive/2026/texmf-dist/tex/latex/l3kernel/expl3.sty
Package: expl3 2026-01-19 L3 programming layer (loader) 

(/usr/local/texlive/2026/texmf-dist/tex/latex/l3backend/l3backend-luatex.def
File: l3backend-luatex.def 2025-10-09 L3 backend support: PDF output (LuaTeX)
\l__color_backend_stack_int=\count410
Inserting `l3color' in `luaotfload.parse_color'.))
Package biblatex Info: ... and expl3
(biblatex)             2026-01-19 L3 programming layer (loader) 
(biblatex)             is new enough (at least 2020/04/06),
(biblatex)             setting 'casechanger=expl3'.

(/usr/local/texlive/2026/texmf-dist/tex/latex/biblatex/blx-case-expl3.sty
(/usr/local/texlive/2026/texmf-dist/tex/latex/l3packages/xparse/xparse.sty
Package: xparse 2025-10-09 L3 Experimental document command parser
)
Package: blx-case-expl3 2025/07/10 v3.21 expl3 case changing code for biblatex
))
(/usr/local/texlive/2026/texmf-dist/tex/latex/imakeidx/imakeidx.sty
Package: imakeidx 2016/10/15 v1.3e Package for typesetting indices in a synchro
nous mode

(/usr/local/texlive/2026/texmf-dist/tex/latex/xkeyval/xkeyval.sty
Package: xkeyval 2025/11/04 v2.10 package option processing (HA)

(/usr/local/texlive/2026/texmf-dist/tex/generic/xkeyval/xkeyval.tex
(/usr/local/texlive/2026/texmf-dist/tex/generic/xkeyval/xkvutils.tex
\XKV@toks=\toks19
\XKV@tempa@toks=\toks20
\XKV@tempb@toks=\toks21
)
\XKV@depth=\count411
File: xkeyval.tex 2014/12/03 v2.7a key=value parser (HA)
))
(/usr/local/texlive/2026/texmf-dist/tex/generic/iftex/ifxetex.sty
Package: ifxetex 2019/10/25 v0.7 ifxetex legacy package. Use iftex instead.
)
(/usr/local/texlive/2026/texmf-dist/tex/generic/iftex/ifluatex.sty
Package: ifluatex 2019/10/25 v1.5 ifluatex legacy package. Use iftex instead.
)
(/usr/local/texlive/2026/texmf-dist/tex/latex/tools/multicol.sty
Package: multicol 2025/10/21 v2.0b multicolumn formatting (FMi)
\c@tracingmulticols=\count412
\mult@box=\box53
\multicol@leftmargin=\dimen149
\c@unbalance=\count413
\c@collectmore=\count414
\doublecol@number=\count415
\multicoltolerance=\count416
\multicolpretolerance=\count417
\full@width=\dimen150
\page@free=\dimen151
\premulticols=\dimen152
\postmulticols=\dimen153
\multicolsep=\skip73
\multicolbaselineskip=\skip74
\partial@page=\box54
\last@line=\box55
\mc@boxedresult=\box56
\maxbalancingoverflow=\dimen154
\mult@rightbox=\box57
\mult@grightbox=\box58
\mult@firstbox=\box59
\mult@gfirstbox=\box60
\@tempa=\box61
\@tempa=\box62
\@tempa=\box63
\@tempa=\box64
\@tempa=\box65
\@tempa=\box66
\@tempa=\box67
\@tempa=\box68
\@tempa=\box69
\@tempa=\box70
\@tempa=\box71
\@tempa=\box72
\@tempa=\box73
\@tempa=\box74
\@tempa=\box75
\@tempa=\box76
\@tempa=\box77
\@tempa=\box78
\@tempa=\box79
\@tempa=\box80
\@tempa=\box81
\@tempa=\box82
\@tempa=\box83
\@tempa=\box84
\@tempa=\box85
\@tempa=\box86
\@tempa=\box87
\@tempa=\box88
\@tempa=\box89
\@tempa=\box90
\@tempa=\box91
\@tempa=\box92
\@tempa=\box93
\@tempa=\box94
\@tempa=\box95
\@tempa=\box96
\c@minrows=\count418
\c@columnbadness=\count419
\c@finalcolumnbadness=\count420
\last@try=\dimen155
\multicolovershoot=\dimen156
\multicolundershoot=\dimen157
\mult@nat@firstbox=\box97
\colbreak@box=\box98
\mc@col@check@num=\count421
\g__mc_curr_col_int=\count422
))
\main@idxfile=\write4

\openout4 = main.idx

Writing index file main.idx
(/usr/local/texlive/2026/texmf-dist/tex/latex/xcolor/xcolor.sty
Package: xcolor 2024/09/29 v3.02 LaTeX color extensions (UK)

(/usr/local/texlive/2026/texmf-dist/tex/latex/graphics-cfg/color.cfg
File: color.cfg 2016/01/02 v1.6 sample color configuration
)
Package xcolor Info: Driver file: luatex.def on input line 274.

(/usr/local/texlive/2026/texmf-dist/tex/latex/graphics-def/luatex.def
File: luatex.def 2025/09/29 v1.2f Graphics/color driver for luatex
)
(/usr/local/texlive/2026/texmf-dist/tex/latex/graphics/mathcolor.ltx)
Package xcolor Info: Model `cmy' substituted by `cmy0' on input line 1349.
Package xcolor Info: Model `hsb' substituted by `rgb' on input line 1353.
Package xcolor Info: Model `RGB' extended on input line 1365.
Package xcolor Info: Model `HTML' substituted by `rgb' on input line 1367.
Package xcolor Info: Model `Hsb' substituted by `hsb' on input line 1368.
Package xcolor Info: Model `tHsb' substituted by `hsb' on input line 1369.
Package xcolor Info: Model `HSB' substituted by `hsb' on input line 1370.
Package xcolor Info: Model `Gray' substituted by `gray' on input line 1371.
Package xcolor Info: Model `wave' substituted by `hsb' on input line 1372.
)
(/usr/local/texlive/2026/texmf-dist/tex/latex/colortbl/colortbl.sty
Package: colortbl 2024/10/29 v1.0k Color table columns (DPC)

(/usr/local/texlive/2026/texmf-dist/tex/latex/tools/array.sty
Package: array 2025/09/25 v2.6n Tabular extension package (FMi)
\col@sep=\dimen158
\ar@mcellbox=\box99
\extrarowheight=\dimen159
\NC@list=\toks22
\extratabsurround=\skip75
\backup@length=\skip76
\ar@cellbox=\box100
)
\everycr=\toks23
\minrowclearance=\skip77
\rownum=\count423
)
(/usr/local/texlive/2026/texmf-dist/tex/latex/graphics/graphicx.sty
Package: graphicx 2024/12/31 v1.2e Enhanced LaTeX Graphics (DPC,SPQR)

(/usr/local/texlive/2026/texmf-dist/tex/latex/graphics/graphics.sty
Package: graphics 2024/08/06 v1.4g Standard LaTeX Graphics (DPC,SPQR)

(/usr/local/texlive/2026/texmf-dist/tex/latex/graphics/trig.sty
Package: trig 2023/12/02 v1.11 sin cos tan (DPC)
)
(/usr/local/texlive/2026/texmf-dist/tex/latex/graphics-cfg/graphics.cfg
File: graphics.cfg 2016/06/04 v1.11 sample graphics configuration
)
Package graphics Info: Driver file: luatex.def on input line 106.
)
\Gin@req@height=\dimen160
\Gin@req@width=\dimen161
)
(/usr/local/texlive/2026/texmf-dist/tex/latex/pgf/frontendlayer/tikz.sty
(/usr/local/texlive/2026/texmf-dist/tex/latex/pgf/basiclayer/pgf.sty
(/usr/local/texlive/2026/texmf-dist/tex/latex/pgf/utilities/pgfrcs.sty
(/usr/local/texlive/2026/texmf-dist/tex/generic/pgf/utilities/pgfutil-common.te
x
\pgfutil@everybye=\toks24
\pgfutil@tempdima=\dimen162
\pgfutil@tempdimb=\dimen163
)
(/usr/local/texlive/2026/texmf-dist/tex/generic/pgf/utilities/pgfutil-latex.def
\pgfutil@abb=\box101
) (/usr/local/texlive/2026/texmf-dist/tex/generic/pgf/utilities/pgfrcs.code.tex
(/usr/local/texlive/2026/texmf-dist/tex/generic/pgf/pgf.revision.tex)
Package: pgfrcs 2025-08-29 v3.1.11a (3.1.11a)
))
Package: pgf 2025-08-29 v3.1.11a (3.1.11a)

(/usr/local/texlive/2026/texmf-dist/tex/latex/pgf/basiclayer/pgfcore.sty
(/usr/local/texlive/2026/texmf-dist/tex/latex/pgf/systemlayer/pgfsys.sty
(/usr/local/texlive/2026/texmf-dist/tex/generic/pgf/systemlayer/pgfsys.code.tex
Package: pgfsys 2025-08-29 v3.1.11a (3.1.11a)
(/usr/local/texlive/2026/texmf-dist/tex/generic/pgf/utilities/pgfkeys.code.tex
\pgfkeys@pathtoks=\toks25
\pgfkeys@temptoks=\toks26

(/usr/local/texlive/2026/texmf-dist/tex/generic/pgf/utilities/pgfkeyslibraryfil
tered.code.tex
\pgfkeys@tmptoks=\toks27
))
\pgf@x=\dimen164
\pgf@y=\dimen165
\pgf@xa=\dimen166
\pgf@ya=\dimen167
\pgf@xb=\dimen168
\pgf@yb=\dimen169
\pgf@xc=\dimen170
\pgf@yc=\dimen171
\pgf@xd=\dimen172
\pgf@yd=\dimen173
\w@pgf@writea=\write5
\r@pgf@reada=\read4
\c@pgf@counta=\count424
\c@pgf@countb=\count425
\c@pgf@countc=\count426
\c@pgf@countd=\count427
\t@pgf@toka=\toks28
\t@pgf@tokb=\toks29
\t@pgf@tokc=\toks30
\pgf@sys@id@count=\count428

(/usr/local/texlive/2026/texmf-dist/tex/generic/pgf/systemlayer/pgf.cfg
File: pgf.cfg 2025-08-29 v3.1.11a (3.1.11a)
)
Driver file for pgf: pgfsys-luatex.def

(/usr/local/texlive/2026/texmf-dist/tex/generic/pgf/systemlayer/pgfsys-luatex.d
ef
File: pgfsys-luatex.def 2025-08-29 v3.1.11a (3.1.11a)

(/usr/local/texlive/2026/texmf-dist/tex/generic/pgf/systemlayer/pgfsys-common-p
df.def
File: pgfsys-common-pdf.def 2025-08-29 v3.1.11a (3.1.11a)
)))
(/usr/local/texlive/2026/texmf-dist/tex/generic/pgf/systemlayer/pgfsyssoftpath.
code.tex
File: pgfsyssoftpath.code.tex 2025-08-29 v3.1.11a (3.1.11a)
\pgfsyssoftpath@smallbuffer@items=\count429
\pgfsyssoftpath@bigbuffer@items=\count430
)
(/usr/local/texlive/2026/texmf-dist/tex/generic/pgf/systemlayer/pgfsysprotocol.
code.tex
File: pgfsysprotocol.code.tex 2025-08-29 v3.1.11a (3.1.11a)
))
(/usr/local/texlive/2026/texmf-dist/tex/generic/pgf/basiclayer/pgfcore.code.tex
Package: pgfcore 2025-08-29 v3.1.11a (3.1.11a)
(/usr/local/texlive/2026/texmf-dist/tex/generic/pgf/math/pgfmath.code.tex
(/usr/local/texlive/2026/texmf-dist/tex/generic/pgf/math/pgfmathutil.code.tex)
(/usr/local/texlive/2026/texmf-dist/tex/generic/pgf/math/pgfmathparser.code.tex
\pgfmath@dimen=\dimen174
\pgfmath@count=\count431
\pgfmath@box=\box102
\pgfmath@toks=\toks31
\pgfmath@stack@operand=\toks32
\pgfmath@stack@operation=\toks33
)
(/usr/local/texlive/2026/texmf-dist/tex/generic/pgf/math/pgfmathfunctions.code.
tex)
(/usr/local/texlive/2026/texmf-dist/tex/generic/pgf/math/pgfmathfunctions.basic
.code.tex)
(/usr/local/texlive/2026/texmf-dist/tex/generic/pgf/math/pgfmathfunctions.trigo
nometric.code.tex)
(/usr/local/texlive/2026/texmf-dist/tex/generic/pgf/math/pgfmathfunctions.rando
m.code.tex)
(/usr/local/texlive/2026/texmf-dist/tex/generic/pgf/math/pgfmathfunctions.compa
rison.code.tex)
(/usr/local/texlive/2026/texmf-dist/tex/generic/pgf/math/pgfmathfunctions.base.
code.tex)
(/usr/local/texlive/2026/texmf-dist/tex/generic/pgf/math/pgfmathfunctions.round
.code.tex)
(/usr/local/texlive/2026/texmf-dist/tex/generic/pgf/math/pgfmathfunctions.misc.
code.tex)
(/usr/local/texlive/2026/texmf-dist/tex/generic/pgf/math/pgfmathfunctions.integ
erarithmetics.code.tex)
(/usr/local/texlive/2026/texmf-dist/tex/generic/pgf/math/pgfmathcalc.code.tex)
(/usr/local/texlive/2026/texmf-dist/tex/generic/pgf/math/pgfmathfloat.code.tex
\c@pgfmathroundto@lastzeros=\count432
)) (/usr/local/texlive/2026/texmf-dist/tex/generic/pgf/math/pgfint.code.tex)
(/usr/local/texlive/2026/texmf-dist/tex/generic/pgf/basiclayer/pgfcorepoints.co
de.tex
File: pgfcorepoints.code.tex 2025-08-29 v3.1.11a (3.1.11a)
\pgf@picminx=\dimen175
\pgf@picmaxx=\dimen176
\pgf@picminy=\dimen177
\pgf@picmaxy=\dimen178
\pgf@pathminx=\dimen179
\pgf@pathmaxx=\dimen180
\pgf@pathminy=\dimen181
\pgf@pathmaxy=\dimen182
\pgf@xx=\dimen183
\pgf@xy=\dimen184
\pgf@yx=\dimen185
\pgf@yy=\dimen186
\pgf@zx=\dimen187
\pgf@zy=\dimen188
)
(/usr/local/texlive/2026/texmf-dist/tex/generic/pgf/basiclayer/pgfcorepathconst
ruct.code.tex
File: pgfcorepathconstruct.code.tex 2025-08-29 v3.1.11a (3.1.11a)
\pgf@path@lastx=\dimen189
\pgf@path@lasty=\dimen190
)
(/usr/local/texlive/2026/texmf-dist/tex/generic/pgf/basiclayer/pgfcorepathusage
.code.tex
File: pgfcorepathusage.code.tex 2025-08-29 v3.1.11a (3.1.11a)
\pgf@shorten@end@additional=\dimen191
\pgf@shorten@start@additional=\dimen192
)
(/usr/local/texlive/2026/texmf-dist/tex/generic/pgf/basiclayer/pgfcorescopes.co
de.tex
File: pgfcorescopes.code.tex 2025-08-29 v3.1.11a (3.1.11a)
\pgfpic=\box103
\pgf@hbox=\box104
\pgf@layerbox@main=\box105
\pgf@picture@serial@count=\count433
)
(/usr/local/texlive/2026/texmf-dist/tex/generic/pgf/basiclayer/pgfcoregraphicst
ate.code.tex
File: pgfcoregraphicstate.code.tex 2025-08-29 v3.1.11a (3.1.11a)
\pgflinewidth=\dimen193
)
(/usr/local/texlive/2026/texmf-dist/tex/generic/pgf/basiclayer/pgfcoretransform
ations.code.tex
File: pgfcoretransformations.code.tex 2025-08-29 v3.1.11a (3.1.11a)
\pgf@pt@x=\dimen194
\pgf@pt@y=\dimen195
\pgf@pt@temp=\dimen196
)
(/usr/local/texlive/2026/texmf-dist/tex/generic/pgf/basiclayer/pgfcorequick.cod
e.tex
File: pgfcorequick.code.tex 2025-08-29 v3.1.11a (3.1.11a)
)
(/usr/local/texlive/2026/texmf-dist/tex/generic/pgf/basiclayer/pgfcoreobjects.c
ode.tex
File: pgfcoreobjects.code.tex 2025-08-29 v3.1.11a (3.1.11a)
)
(/usr/local/texlive/2026/texmf-dist/tex/generic/pgf/basiclayer/pgfcorepathproce
ssing.code.tex
File: pgfcorepathprocessing.code.tex 2025-08-29 v3.1.11a (3.1.11a)
)
(/usr/local/texlive/2026/texmf-dist/tex/generic/pgf/basiclayer/pgfcorearrows.co
de.tex
File: pgfcorearrows.code.tex 2025-08-29 v3.1.11a (3.1.11a)
\pgfarrowsep=\dimen197
)
(/usr/local/texlive/2026/texmf-dist/tex/generic/pgf/basiclayer/pgfcoreshade.cod
e.tex
File: pgfcoreshade.code.tex 2025-08-29 v3.1.11a (3.1.11a)
\pgf@max=\dimen198
\pgf@sys@shading@range@num=\count434
\pgf@shadingcount=\count435
)
(/usr/local/texlive/2026/texmf-dist/tex/generic/pgf/basiclayer/pgfcoreimage.cod
e.tex
File: pgfcoreimage.code.tex 2025-08-29 v3.1.11a (3.1.11a)
)
(/usr/local/texlive/2026/texmf-dist/tex/generic/pgf/basiclayer/pgfcoreexternal.
code.tex
File: pgfcoreexternal.code.tex 2025-08-29 v3.1.11a (3.1.11a)
\pgfexternal@startupbox=\box106
)
(/usr/local/texlive/2026/texmf-dist/tex/generic/pgf/basiclayer/pgfcorelayers.co
de.tex
File: pgfcorelayers.code.tex 2025-08-29 v3.1.11a (3.1.11a)
)
(/usr/local/texlive/2026/texmf-dist/tex/generic/pgf/basiclayer/pgfcoretranspare
ncy.code.tex
File: pgfcoretransparency.code.tex 2025-08-29 v3.1.11a (3.1.11a)
)
(/usr/local/texlive/2026/texmf-dist/tex/generic/pgf/basiclayer/pgfcorepatterns.
code.tex
File: pgfcorepatterns.code.tex 2025-08-29 v3.1.11a (3.1.11a)
)
(/usr/local/texlive/2026/texmf-dist/tex/generic/pgf/basiclayer/pgfcorerdf.code.
tex
File: pgfcorerdf.code.tex 2025-08-29 v3.1.11a (3.1.11a)
)))
(/usr/local/texlive/2026/texmf-dist/tex/generic/pgf/modules/pgfmoduleshapes.cod
e.tex
File: pgfmoduleshapes.code.tex 2025-08-29 v3.1.11a (3.1.11a)
\pgfnodeparttextbox=\box107
)
(/usr/local/texlive/2026/texmf-dist/tex/generic/pgf/modules/pgfmoduleplot.code.
tex
File: pgfmoduleplot.code.tex 2025-08-29 v3.1.11a (3.1.11a)
)
(/usr/local/texlive/2026/texmf-dist/tex/latex/pgf/compatibility/pgfcomp-version
-0-65.sty
Package: pgfcomp-version-0-65 2025-08-29 v3.1.11a (3.1.11a)
\pgf@nodesepstart=\dimen199
\pgf@nodesepend=\dimen256
)
(/usr/local/texlive/2026/texmf-dist/tex/latex/pgf/compatibility/pgfcomp-version
-1-18.sty
Package: pgfcomp-version-1-18 2025-08-29 v3.1.11a (3.1.11a)
))
(/usr/local/texlive/2026/texmf-dist/tex/latex/pgf/utilities/pgffor.sty
(/usr/local/texlive/2026/texmf-dist/tex/latex/pgf/utilities/pgfkeys.sty
(/usr/local/texlive/2026/texmf-dist/tex/generic/pgf/utilities/pgfkeys.code.tex))
 (/usr/local/texlive/2026/texmf-dist/tex/latex/pgf/math/pgfmath.sty
(/usr/local/texlive/2026/texmf-dist/tex/generic/pgf/math/pgfmath.code.tex))
(/usr/local/texlive/2026/texmf-dist/tex/generic/pgf/utilities/pgffor.code.tex
Package: pgffor 2025-08-29 v3.1.11a (3.1.11a)
\pgffor@iter=\dimen257
\pgffor@skip=\dimen258
\pgffor@stack=\toks34
\pgffor@toks=\toks35
))
(/usr/local/texlive/2026/texmf-dist/tex/generic/pgf/frontendlayer/tikz/tikz.cod
e.tex
Package: tikz 2025-08-29 v3.1.11a (3.1.11a)

(/usr/local/texlive/2026/texmf-dist/tex/generic/pgf/libraries/pgflibraryplothan
dlers.code.tex
File: pgflibraryplothandlers.code.tex 2025-08-29 v3.1.11a (3.1.11a)
\pgf@plot@mark@count=\count436
\pgfplotmarksize=\dimen259
)
\tikz@lastx=\dimen260
\tikz@lasty=\dimen261
\tikz@lastxsaved=\dimen262
\tikz@lastysaved=\dimen263
\tikz@lastmovetox=\dimen264
\tikz@lastmovetoy=\dimen265
\tikzleveldistance=\dimen266
\tikzsiblingdistance=\dimen267
\tikz@figbox=\box108
\tikz@figbox@bg=\box109
\tikz@tempbox=\box110
\tikz@tempbox@bg=\box111
\tikztreelevel=\count437
\tikznumberofchildren=\count438
\tikznumberofcurrentchild=\count439
\tikz@fig@count=\count440

(/usr/local/texlive/2026/texmf-dist/tex/generic/pgf/modules/pgfmodulematrix.cod
e.tex
File: pgfmodulematrix.code.tex 2025-08-29 v3.1.11a (3.1.11a)
\pgfmatrixcurrentrow=\count441
\pgfmatrixcurrentcolumn=\count442
\pgf@matrix@numberofcolumns=\count443
)
\tikz@expandcount=\count444

(/usr/local/texlive/2026/texmf-dist/tex/generic/pgf/frontendlayer/tikz/librarie
s/tikzlibrarytopaths.code.tex
File: tikzlibrarytopaths.code.tex 2025-08-29 v3.1.11a (3.1.11a)
)))
(/usr/local/texlive/2026/texmf-dist/tex/latex/pgfplots/pgfplots.sty
(/usr/local/texlive/2026/texmf-dist/tex/generic/pgfplots/pgfplots.revision.tex)
Package: pgfplots 2025/08/14 v1.18.2 Data Visualization (1.18.2)
(/usr/local/texlive/2026/texmf-dist/tex/generic/pgfplots/pgfplots.code.tex
(/usr/local/texlive/2026/texmf-dist/tex/generic/pgfplots/pgfplotscore.code.tex
Package pgfplots info on input line 124: Initializing with LUA version Lua 5.3
\pgfplots@luabackend@table=\catcodetable16
\t@pgfplots@toka=\toks36
\t@pgfplots@tokb=\toks37
\t@pgfplots@tokc=\toks38
\pgfplots@tmpa=\dimen268
\c@pgfplots@coordindex=\count445
\c@pgfplots@scanlineindex=\count446

(/usr/local/texlive/2026/texmf-dist/tex/generic/pgfplots/sys/pgfplotssysgeneric
.code.tex))
(/usr/local/texlive/2026/texmf-dist/tex/generic/pgfplots/libs/pgfplotslibrary.c
ode.tex)
(/usr/local/texlive/2026/texmf-dist/tex/generic/pgfplots/oldpgfcompatib/pgfplot
soldpgfsupp_loader.code.tex
(/usr/local/texlive/2026/texmf-dist/tex/generic/pgf/libraries/pgflibraryfpu.cod
e.tex)
(/usr/local/texlive/2026/texmf-dist/tex/generic/pgfplots/oldpgfcompatib/pgfplot
soldpgfsupp_pgfutil-common-lists.tex)
(/usr/local/texlive/2026/texmf-dist/tex/generic/pgf/libraries/luamath/pgflibrar
yluamath.code.tex)
Package pgfplots info on input line 292: luamath library shipped with pgf 3.1.1
1a is up-to-date
)
(/usr/local/texlive/2026/texmf-dist/tex/generic/pgfplots/util/pgfplotsutil.code
.tex
Package pgfplots info on input line 82: Found new luatex: initializing lua comm
ands instead of write18 (shell-escape)

(/usr/local/texlive/2026/texmf-dist/tex/generic/pgfplots/liststructure/pgfplots
liststructure.code.tex)
(/usr/local/texlive/2026/texmf-dist/tex/generic/pgfplots/liststructure/pgfplots
liststructureext.code.tex)
(/usr/local/texlive/2026/texmf-dist/tex/generic/pgfplots/liststructure/pgfplots
array.code.tex
\c@pgfplotsarray@tmp=\count447
)
(/usr/local/texlive/2026/texmf-dist/tex/generic/pgfplots/liststructure/pgfplots
matrix.code.tex)
(/usr/local/texlive/2026/texmf-dist/tex/generic/pgfplots/numtable/pgfplotstable
shared.code.tex
\c@pgfplotstable@counta=\count448
\t@pgfplotstable@a=\toks39
)
(/usr/local/texlive/2026/texmf-dist/tex/generic/pgfplots/liststructure/pgfplots
deque.code.tex)
(/usr/local/texlive/2026/texmf-dist/tex/generic/pgfplots/util/pgfplotsbinary.co
de.tex
(/usr/local/texlive/2026/texmf-dist/tex/generic/pgfplots/util/pgfplotsbinary.da
ta.code.tex))
(/usr/local/texlive/2026/texmf-dist/tex/generic/pgfplots/util/pgfplotsutil.verb
.code.tex)
(/usr/local/texlive/2026/texmf-dist/tex/generic/pgfplots/libs/pgflibrarypgfplot
s.surfshading.code.tex
\c@pgfplotslibrarysurf@no=\count449

(/usr/local/texlive/2026/texmf-dist/tex/generic/pgfplots/sys/pgflibrarypgfplots
.surfshading.pgfsys-luatex.def)))
(/usr/local/texlive/2026/texmf-dist/tex/generic/pgfplots/util/pgfplotscolormap.
code.tex
(/usr/local/texlive/2026/texmf-dist/tex/generic/pgfplots/util/pgfplotscolor.cod
e.tex))
(/usr/local/texlive/2026/texmf-dist/tex/generic/pgfplots/pgfplotsstackedplots.c
ode.tex)
(/usr/local/texlive/2026/texmf-dist/tex/generic/pgfplots/pgfplotsplothandlers.c
ode.tex
(/usr/local/texlive/2026/texmf-dist/tex/generic/pgfplots/pgfplotsmeshplothandle
r.code.tex
(/usr/local/texlive/2026/texmf-dist/tex/generic/pgfplots/pgfplotsmeshplotimage.
code.tex)))
(/usr/local/texlive/2026/texmf-dist/tex/generic/pgfplots/pgfplots.scaling.code.
tex)
(/usr/local/texlive/2026/texmf-dist/tex/generic/pgfplots/pgfplotscoordprocessin
g.code.tex)
(/usr/local/texlive/2026/texmf-dist/tex/generic/pgfplots/pgfplots.errorbars.cod
e.tex)
(/usr/local/texlive/2026/texmf-dist/tex/generic/pgfplots/pgfplots.markers.code.
tex)
(/usr/local/texlive/2026/texmf-dist/tex/generic/pgfplots/pgfplotsticks.code.tex
)
(/usr/local/texlive/2026/texmf-dist/tex/generic/pgfplots/pgfplots.paths.code.te
x)
(/usr/local/texlive/2026/texmf-dist/tex/generic/pgf/frontendlayer/tikz/librarie
s/tikzlibrarydecorations.code.tex
(/usr/local/texlive/2026/texmf-dist/tex/generic/pgf/modules/pgfmoduledecoration
s.code.tex
\pgfdecoratedcompleteddistance=\dimen269
\pgfdecoratedremainingdistance=\dimen270
\pgfdecoratedinputsegmentcompleteddistance=\dimen271
\pgfdecoratedinputsegmentremainingdistance=\dimen272
\pgf@decorate@distancetomove=\dimen273
\pgf@decorate@repeatstate=\count450
\pgfdecorationsegmentamplitude=\dimen274
\pgfdecorationsegmentlength=\dimen275
)
\tikz@lib@dec@box=\box112
)
(/usr/local/texlive/2026/texmf-dist/tex/generic/pgf/frontendlayer/tikz/librarie
s/tikzlibrarydecorations.pathmorphing.code.tex
(/usr/local/texlive/2026/texmf-dist/tex/generic/pgf/libraries/decorations/pgfli
brarydecorations.pathmorphing.code.tex))
(/usr/local/texlive/2026/texmf-dist/tex/generic/pgf/frontendlayer/tikz/librarie
s/tikzlibrarydecorations.pathreplacing.code.tex
(/usr/local/texlive/2026/texmf-dist/tex/generic/pgf/libraries/decorations/pgfli
brarydecorations.pathreplacing.code.tex))
(/usr/local/texlive/2026/texmf-dist/tex/generic/pgfplots/libs/tikzlibrarypgfplo
ts.contourlua.code.tex)
\pgfplots@numplots=\count451
\pgfplots@xmin@reg=\dimen276
\pgfplots@xmax@reg=\dimen277
\pgfplots@ymin@reg=\dimen278
\pgfplots@ymax@reg=\dimen279
\pgfplots@zmin@reg=\dimen280
\pgfplots@zmax@reg=\dimen281
)
(/usr/local/texlive/2026/texmf-dist/tex/generic/pgf/frontendlayer/tikz/librarie
s/tikzlibraryplotmarks.code.tex
File: tikzlibraryplotmarks.code.tex 2025-08-29 v3.1.11a (3.1.11a)

(/usr/local/texlive/2026/texmf-dist/tex/generic/pgf/libraries/pgflibraryplotmar
ks.code.tex
File: pgflibraryplotmarks.code.tex 2025-08-29 v3.1.11a (3.1.11a)
)))
(/usr/local/texlive/2026/texmf-dist/tex/generic/pgf/frontendlayer/tikz/librarie
s/tikzlibrarycalc.code.tex
File: tikzlibrarycalc.code.tex 2025-08-29 v3.1.11a (3.1.11a)
)
(/usr/local/texlive/2026/texmf-dist/tex/generic/pgf/frontendlayer/tikz/librarie
s/tikzlibraryautomata.code.tex
File: tikzlibraryautomata.code.tex 2025-08-29 v3.1.11a (3.1.11a)

(/usr/local/texlive/2026/texmf-dist/tex/generic/pgf/frontendlayer/tikz/librarie
s/tikzlibraryshapes.multipart.code.tex
File: tikzlibraryshapes.multipart.code.tex 2025-08-29 v3.1.11a (3.1.11a)

(/usr/local/texlive/2026/texmf-dist/tex/generic/pgf/libraries/shapes/pgflibrary
shapes.multipart.code.tex
File: pgflibraryshapes.multipart.code.tex 2025-08-29 v3.1.11a (3.1.11a)
\pgfnodepartlowerbox=\box113
\pgfnodeparttwobox=\box114
\pgfnodepartthreebox=\box115
\pgfnodepartfourbox=\box116
\pgfnodeparttwentybox=\box117
\pgfnodepartnineteenbox=\box118
\pgfnodeparteighteenbox=\box119
\pgfnodepartseventeenbox=\box120
\pgfnodepartsixteenbox=\box121
\pgfnodepartfifteenbox=\box122
\pgfnodepartfourteenbox=\box123
\pgfnodepartthirteenbox=\box124
\pgfnodeparttwelvebox=\box125
\pgfnodepartelevenbox=\box126
\pgfnodeparttenbox=\box127
\pgfnodepartninebox=\box128
\pgfnodeparteightbox=\box129
\pgfnodepartsevenbox=\box130
\pgfnodepartsixbox=\box131
\pgfnodepartfivebox=\box132
)))
(/usr/local/texlive/2026/texmf-dist/tex/generic/pgf/frontendlayer/tikz/librarie
s/tikzlibrarypositioning.code.tex
File: tikzlibrarypositioning.code.tex 2025-08-29 v3.1.11a (3.1.11a)
)
(/usr/local/texlive/2026/texmf-dist/tex/generic/pgf/frontendlayer/tikz/librarie
s/graphs/tikzlibrarygraphs.standard.code.tex
File: tikzlibrarygraphs.standard.code.tex 2025-08-29 v3.1.11a (3.1.11a)

(/usr/local/texlive/2026/texmf-dist/tex/generic/pgf/frontendlayer/tikz/librarie
s/graphs/tikzlibrarygraphs.code.tex
File: tikzlibrarygraphs.code.tex 2025-08-29 v3.1.11a (3.1.11a)
\tikz@lib@auto@number=\count452
\tikz@qnode@count=\count453
))
(/usr/local/texlive/2026/texmf-dist/tex/generic/pgf/graphdrawing/tex/tikzlibrar
ygraphdrawing.code.tex
File: tikzlibrarygraphdrawing.code.tex 2025-08-29 v3.1.11a (3.1.11a)

(/usr/local/texlive/2026/texmf-dist/tex/generic/pgf/graphdrawing/tex/pgflibrary
graphdrawing.code.tex
File: pgflibrarygraphdrawing.code.tex 2025-08-29 v3.1.11a (3.1.11a)
\pgf@gd@parameter@stack@height=\count454
\pgf@gd@node@box=\box133
\pgf@gd@edge@box=\box134
\pgf@gd@prekind@box=\box135
\pgf@gd@postkind@box=\box136
))
(/usr/local/texlive/2026/texmf-dist/tex/generic/pgf/frontendlayer/tikz/librarie
s/tikzlibrarytrees.code.tex
File: tikzlibrarytrees.code.tex 2025-08-29 v3.1.11a (3.1.11a)
)
(/usr/local/texlive/2026/texmf-dist/tex/generic/pgf/frontendlayer/tikz/librarie
s/tikzlibraryquotes.code.tex
File: tikzlibraryquotes.code.tex 2025-08-29 v3.1.11a (3.1.11a)
)
(/usr/local/texlive/2026/texmf-dist/tex/latex/wrapfig/wrapfig.sty
\wrapoverhang=\dimen282
\WF@size=\dimen283
\c@WF@wrappedlines=\count455
\WF@box=\box137
\WF@everypar=\toks40
Package: wrapfig 2003/01/31  v 3.6
)
(/usr/local/texlive/2026/texmf-dist/tex/generic/pgf/frontendlayer/tikz/librarie
s/tikzlibraryshapes.code.tex
File: tikzlibraryshapes.code.tex 2025-08-29 v3.1.11a (3.1.11a)

(/usr/local/texlive/2026/texmf-dist/tex/generic/pgf/frontendlayer/tikz/librarie
s/tikzlibraryshapes.geometric.code.tex
File: tikzlibraryshapes.geometric.code.tex 2025-08-29 v3.1.11a (3.1.11a)

(/usr/local/texlive/2026/texmf-dist/tex/generic/pgf/libraries/shapes/pgflibrary
shapes.geometric.code.tex
File: pgflibraryshapes.geometric.code.tex 2025-08-29 v3.1.11a (3.1.11a)
))
(/usr/local/texlive/2026/texmf-dist/tex/generic/pgf/frontendlayer/tikz/librarie
s/tikzlibraryshapes.misc.code.tex
File: tikzlibraryshapes.misc.code.tex 2025-08-29 v3.1.11a (3.1.11a)

(/usr/local/texlive/2026/texmf-dist/tex/generic/pgf/libraries/shapes/pgflibrary
shapes.misc.code.tex
File: pgflibraryshapes.misc.code.tex 2025-08-29 v3.1.11a (3.1.11a)
))
(/usr/local/texlive/2026/texmf-dist/tex/generic/pgf/frontendlayer/tikz/librarie
s/tikzlibraryshapes.symbols.code.tex
File: tikzlibraryshapes.symbols.code.tex 2025-08-29 v3.1.11a (3.1.11a)

(/usr/local/texlive/2026/texmf-dist/tex/generic/pgf/libraries/shapes/pgflibrary
shapes.symbols.code.tex
File: pgflibraryshapes.symbols.code.tex 2025-08-29 v3.1.11a (3.1.11a)
))
(/usr/local/texlive/2026/texmf-dist/tex/generic/pgf/frontendlayer/tikz/librarie
s/tikzlibraryshapes.arrows.code.tex
File: tikzlibraryshapes.arrows.code.tex 2025-08-29 v3.1.11a (3.1.11a)

(/usr/local/texlive/2026/texmf-dist/tex/generic/pgf/libraries/shapes/pgflibrary
shapes.arrows.code.tex
File: pgflibraryshapes.arrows.code.tex 2025-08-29 v3.1.11a (3.1.11a)
))
(/usr/local/texlive/2026/texmf-dist/tex/generic/pgf/frontendlayer/tikz/librarie
s/tikzlibraryshapes.callouts.code.tex
(/usr/local/texlive/2026/texmf-dist/tex/generic/pgf/libraries/shapes/pgflibrary
shapes.callouts.code.tex)))
(/usr/local/texlive/2026/texmf-dist/tex/generic/pgf/frontendlayer/tikz/librarie
s/tikzlibrarydecorations.shapes.code.tex
(/usr/local/texlive/2026/texmf-dist/tex/generic/pgf/libraries/decorations/pgfli
brarydecorations.shapes.code.tex))
(/usr/local/texlive/2026/texmf-dist/tex/generic/pgf/frontendlayer/tikz/librarie
s/tikzlibrarydecorations.text.code.tex
(/usr/local/texlive/2026/texmf-dist/tex/generic/pgf/libraries/decorations/pgfli
brarydecorations.text.code.tex
\pgf@lib@dec@text@box=\box138
)
\tikz@lib@dec@te@box=\box139
)
(/usr/local/texlive/2026/texmf-dist/tex/latex/caption/caption.sty
Package: caption 2023/08/05 v3.6o Customizing captions (AR)

(/usr/local/texlive/2026/texmf-dist/tex/latex/caption/caption3.sty
Package: caption3 2023/07/31 v2.4d caption3 kernel (AR)
\caption@tempdima=\dimen284
\captionmargin=\dimen285
\caption@leftmargin=\dimen286
\caption@rightmargin=\dimen287
\caption@width=\dimen288
\caption@indent=\dimen289
\caption@parindent=\dimen290
\caption@hangindent=\dimen291
Package caption Info: Standard document class detected.
)
\c@caption@flags=\count456
\c@continuedfloat=\count457
Package caption Info: wrapfig package is loaded.
)
(/usr/local/texlive/2026/texmf-dist/tex/latex/caption/subcaption.sty
Package: subcaption 2023/07/28 v1.6b Sub-captions (AR)
Package caption Info: New subtype `subfigure' on input line 238.
\c@subfigure=\count458
Package caption Info: New subtype `subtable' on input line 238.
\c@subtable=\count459
)
(/usr/local/texlive/2026/texmf-dist/tex/latex/hyperref/hyperref.sty
Package: hyperref 2026-01-29 v7.01p Hypertext links for LaTeX

(/usr/local/texlive/2026/texmf-dist/tex/generic/kvdefinekeys/kvdefinekeys.sty
Package: kvdefinekeys 2019-12-19 v1.6 Define keys (HO)
)
(/usr/local/texlive/2026/texmf-dist/tex/generic/pdfescape/pdfescape.sty
Package: pdfescape 2019/12/09 v1.15 Implements pdfTeX's escape features (HO)
)
(/usr/local/texlive/2026/texmf-dist/tex/latex/hycolor/hycolor.sty
Package: hycolor 2020-01-27 v1.10 Color options for hyperref/bookmark (HO)
)
(/usr/local/texlive/2026/texmf-dist/tex/latex/hyperref/nameref.sty
Package: nameref 2026-01-29 v2.58 Cross-referencing by name of section

(/usr/local/texlive/2026/texmf-dist/tex/latex/refcount/refcount.sty
Package: refcount 2019/12/15 v3.6 Data extraction from label references (HO)
)
(/usr/local/texlive/2026/texmf-dist/tex/generic/gettitlestring/gettitlestring.s
ty
Package: gettitlestring 2019/12/15 v1.6 Cleanup title references (HO)
)
\c@section@level=\count460
) (/usr/local/texlive/2026/texmf-dist/tex/generic/stringenc/stringenc.sty
Package: stringenc 2019/11/29 v1.12 Convert strings between diff. encodings (HO
)
)
\@linkdim=\dimen292
\Hy@linkcounter=\count461
\Hy@pagecounter=\count462

(/usr/local/texlive/2026/texmf-dist/tex/latex/hyperref/pd1enc.def
File: pd1enc.def 2026-01-29 v7.01p Hyperref: PDFDocEncoding definition (HO)
)
(/usr/local/texlive/2026/texmf-dist/tex/generic/intcalc/intcalc.sty
Package: intcalc 2019/12/15 v1.3 Expandable calculations with integers (HO)
)
\Hy@SavedSpaceFactor=\count463

(/usr/local/texlive/2026/texmf-dist/tex/latex/hyperref/puenc.def
File: puenc.def 2026-01-29 v7.01p Hyperref: PDF Unicode definition (HO)
)
Package hyperref Info: Option `colorlinks' set `true' on input line 4072.
Package hyperref Info: Hyper figures OFF on input line 4201.
Package hyperref Info: Link nesting OFF on input line 4206.
Package hyperref Info: Hyper index ON on input line 4209.
Package hyperref Info: Plain pages OFF on input line 4216.
Package hyperref Info: Backreferencing OFF on input line 4221.
Package hyperref Info: Implicit mode ON; LaTeX internals redefined.
Package hyperref Info: Bookmarks ON on input line 4468.
\c@Hy@tempcnt=\count464
LaTeX Info: Redefining \url on input line 4807.
\XeTeXLinkMargin=\dimen293

(/usr/local/texlive/2026/texmf-dist/tex/generic/bitset/bitset.sty
Package: bitset 2019/12/09 v1.3 Handle bit-vector datatype (HO)

(/usr/local/texlive/2026/texmf-dist/tex/generic/bigintcalc/bigintcalc.sty
Package: bigintcalc 2019/12/15 v1.5 Expandable calculations on big integers (HO
)
))
\Fld@menulength=\count465
\Field@Width=\dimen294
\Fld@charsize=\dimen295
Package hyperref Info: Hyper figures OFF on input line 6084.
Package hyperref Info: Link nesting OFF on input line 6089.
Package hyperref Info: Hyper index ON on input line 6092.
Package hyperref Info: backreferencing OFF on input line 6099.
Package hyperref Info: Link coloring ON on input line 6102.
Package hyperref Info: Link coloring with OCG OFF on input line 6109.
Package hyperref Info: PDF/A mode OFF on input line 6114.
\Hy@abspage=\count466
\c@Item=\count467
\c@Hfootnote=\count468
)
Package hyperref Info: Driver (autodetected): hluatex.

(/usr/local/texlive/2026/texmf-dist/tex/latex/hyperref/hluatex.def
File: hluatex.def 2026-01-29 v7.01p Hyperref driver for luaTeX
\Fld@listcount=\count469
\c@bookmark@seq@number=\count470

(/usr/local/texlive/2026/texmf-dist/tex/latex/rerunfilecheck/rerunfilecheck.sty
Package: rerunfilecheck 2025-06-21 v1.11 Rerun checks for auxiliary files (HO)

(/usr/local/texlive/2026/texmf-dist/tex/generic/uniquecounter/uniquecounter.sty
Package: uniquecounter 2019/12/15 v1.4 Provide unlimited unique counter (HO)
)
Package uniquecounter Info: New unique counter `rerunfilecheck' on input line 2
84.
)
\Hy@SectionHShift=\skip78
) (/usr/local/texlive/2026/texmf-dist/tex/latex/tools/tabularx.sty
Package: tabularx 2023/12/11 v2.12a `tabularx' package (DPC)
\TX@col@width=\dimen296
\TX@old@table=\dimen297
\TX@old@col=\dimen298
\TX@target=\dimen299
\TX@delta=\dimen300
\TX@cols=\count471
\TX@ftn=\toks41
)
(/usr/local/texlive/2026/texmf-dist/tex/latex/blkarray/blkarray.sty
Package: blkarray 2015/02/27 v0.07 Block array (dpc)
\c@BAenumi=\count472
\BA@col=\count473
\BA@block@cnt=\count474
\BA@final@box=\box140
\BA@first@box=\box141
\BA@colsep=\dimen301
\BA@ftn=\toks42
\BAextrarowheight=\dimen302
\BAextraheightafterhline=\dimen303
\BAarrayrulewidth=\dimen304
\BAdoublerulesep=\dimen305
\BAfootskip=\dimen306
\BA@dashbox=\box142
\BA@ddashbox=\box143
)
(/usr/local/texlive/2026/texmf-dist/tex/latex/amsmath/amsmath.sty
Package: amsmath 2025/07/09 v2.17z AMS math features
\@mathmargin=\skip79

For additional information on amsmath, use the `?' option.
(/usr/local/texlive/2026/texmf-dist/tex/latex/amsmath/amstext.sty
Package: amstext 2024/11/17 v2.01 AMS text

(/usr/local/texlive/2026/texmf-dist/tex/latex/amsmath/amsgen.sty
File: amsgen.sty 1999/11/30 v2.0 generic functions
\@emptytoks=\toks43
\ex@=\dimen307
))
(/usr/local/texlive/2026/texmf-dist/tex/latex/amsmath/amsbsy.sty
Package: amsbsy 1999/11/29 v1.2d Bold Symbols
\pmbraise@=\dimen308
)
(/usr/local/texlive/2026/texmf-dist/tex/latex/amsmath/amsopn.sty
Package: amsopn 2022/04/08 v2.04 operator names
)
\inf@bad=\count475
LaTeX Info: Redefining \frac on input line 235.
\uproot@=\count476
\leftroot@=\count477
LaTeX Info: Redefining \overline on input line 398.
LaTeX Info: Redefining \colon on input line 409.
\classnum@=\count478
\DOTSCASE@=\count479
LaTeX Info: Redefining \ldots on input line 495.
LaTeX Info: Redefining \dots on input line 498.
LaTeX Info: Redefining \cdots on input line 619.
\Mathstrutbox@=\box144
\strutbox@=\box145
LaTeX Info: Redefining \big on input line 721.
LaTeX Info: Redefining \Big on input line 722.
LaTeX Info: Redefining \bigg on input line 723.
LaTeX Info: Redefining \Bigg on input line 724.
\big@size=\dimen309
LaTeX Font Info:    Redeclaring font encoding OML on input line 742.
LaTeX Font Info:    Redeclaring font encoding OMS on input line 743.
\macc@depth=\count480
LaTeX Info: Redefining \bmod on input line 904.
LaTeX Info: Redefining \pmod on input line 909.
LaTeX Info: Redefining \smash on input line 939.
LaTeX Info: Redefining \relbar on input line 969.
LaTeX Info: Redefining \Relbar on input line 970.
\c@MaxMatrixCols=\count481
\dotsspace@=\muskip22
\c@parentequation=\count482
\dspbrk@lvl=\count483
\tag@help=\toks44
\row@=\count484
\column@=\count485
\maxfields@=\count486
\andhelp@=\toks45
\eqnshift@=\dimen310
\alignsep@=\dimen311
\tagshift@=\dimen312
\tagwidth@=\dimen313
\totwidth@=\dimen314
\lineht@=\dimen315
\@envbody=\toks46
\multlinegap=\skip80
\multlinetaggap=\skip81
\mathdisplay@stack=\toks47
LaTeX Info: Redefining \[ on input line 2950.
LaTeX Info: Redefining \] on input line 2951.
)
(/usr/local/texlive/2026/texmf-dist/tex/latex/amscls/amsthm.sty
Package: amsthm 2020/05/29 v2.20.6
\thm@style=\toks48
\thm@bodyfont=\toks49
\thm@headfont=\toks50
\thm@notefont=\toks51
\thm@headpunct=\toks52
\thm@preskip=\skip82
\thm@postskip=\skip83
\thm@headsep=\skip84
\dth@everypar=\toks53
)
(/usr/local/texlive/2026/texmf-dist/tex/latex/amsfonts/amssymb.sty
Package: amssymb 2013/01/14 v3.01 AMS font symbols

(/usr/local/texlive/2026/texmf-dist/tex/latex/amsfonts/amsfonts.sty
Package: amsfonts 2013/01/14 v3.01 Basic AMSFonts support
\symAMSa=\mathgroup4
\symAMSb=\mathgroup5
LaTeX Font Info:    Redeclaring math symbol \hbar on input line 98.
LaTeX Font Info:    Overwriting math alphabet `\mathfrak' in version `bold'
(Font)                  U/euf/m/n --> U/euf/b/n on input line 106.
))
(/usr/local/texlive/2026/texmf-dist/tex/latex/jknapltx/mathrsfs.sty
Package: mathrsfs 1996/01/01 Math RSFS package v1.0 (jk)
\symrsfs=\mathgroup6
)
(/usr/local/texlive/2026/texmf-dist/tex/latex/xfrac/xfrac.sty
Package: xfrac 2024-06-04 Split-level fractions
\l__xfrac_slash_box=\box146
\l__xfrac_tmp_box=\box147
\l__xfrac_denominator_bot_sep_dim=\dimen316
\l__xfrac_numerator_bot_sep_dim=\dimen317
\l__xfrac_numerator_top_sep_dim=\dimen318
\l__xfrac_slash_left_sep_dim=\dimen319
\l__xfrac_slash_right_sep_dim=\dimen320
\l__xfrac_slash_left_muskip=\muskip23
\l__xfrac_slash_right_muskip=\muskip24

LaTeX template Info: Declaring template type 'xfrac' taking 3 argument(s) on
(template)           line 100.


LaTeX template Info: Declaring instance 'cmr' of type xfrac on line 392.


LaTeX template Info: Declaring instance 'cmss' of type xfrac on line 392.


LaTeX template Info: Declaring instance 'cmtt' of type xfrac on line 392.

)
(/usr/local/texlive/2026/texmf-dist/tex/latex/mathtools/mathtools.sty
Package: mathtools 2024/10/04 v1.31 mathematical typesetting tools

(/usr/local/texlive/2026/texmf-dist/tex/latex/tools/calc.sty
Package: calc 2025/03/01 v4.3b Infix arithmetic (KKT,FJ)
\calc@Acount=\count487
\calc@Bcount=\count488
\calc@Adimen=\dimen321
\calc@Bdimen=\dimen322
\calc@Askip=\skip85
\calc@Bskip=\skip86
LaTeX Info: Redefining \setlength on input line 86.
LaTeX Info: Redefining \addtolength on input line 87.
\calc@Ccount=\count489
\calc@Cskip=\skip87
)
(/usr/local/texlive/2026/texmf-dist/tex/latex/mathtools/mhsetup.sty
Package: mhsetup 2021/03/18 v1.4 programming setup (MH)
)
\g_MT_multlinerow_int=\count490
\l_MT_multwidth_dim=\dimen323
\origjot=\skip88
\l_MT_shortvdotswithinadjustabove_dim=\dimen324
\l_MT_shortvdotswithinadjustbelow_dim=\dimen325
\l_MT_above_intertext_sep=\dimen326
\l_MT_below_intertext_sep=\dimen327
\l_MT_above_shortintertext_sep=\dimen328
\l_MT_below_shortintertext_sep=\dimen329
\xmathstrut@box=\box148
\xmathstrut@dim=\dimen330
)
(/usr/local/texlive/2026/texmf-dist/tex/latex/bbding/bbding.sty
Package: bbding 1999/04/15 v1.01 Dingbats symbols
)
(/usr/local/texlive/2026/texmf-dist/tex/latex/titling/titling.sty
Package: titling 2009/09/04 v2.1d maketitle typesetting
\thanksmarkwidth=\skip89
\thanksmargin=\skip90
\droptitle=\skip91
)
(/usr/local/texlive/2026/texmf-dist/tex/latex/minted/minted.sty
Package: minted 2026/03/03 v3.8.0 Yet another Pygments shim for LaTeX

(/usr/local/texlive/2026/texmf-dist/tex/generic/catchfile/catchfile.sty
Package: catchfile 2019/12/09 v1.8 Catch the contents of a file (HO)

(/usr/local/texlive/2026/texmf-dist/tex/generic/etexcmds/etexcmds.sty
Package: etexcmds 2019/12/15 v1.7 Avoid name clashes with e-TeX commands (HO)
))
(/usr/local/texlive/2026/texmf-dist/tex/latex/fvextra/fvextra.sty
Package: fvextra 2026/02/25 v1.14.0 fvextra - extensions and patches for fancyv
rb

(/usr/local/texlive/2026/texmf-dist/tex/latex/fancyvrb/fancyvrb.sty
Package: fancyvrb 2025/07/28 4.6 verbatim text (tvz,hv)
\FV@CodeLineNo=\count491
\FV@InFile=\read5
\FV@TabBox=\box149
\c@FancyVerbLine=\count492
\FV@StepNumber=\count493
\FV@OutFile=\write6
)
(/usr/local/texlive/2026/texmf-dist/tex/latex/upquote/upquote.sty
Package: upquote 2012/04/19 v1.3 upright-quote and grave-accent glyphs in verba
tim

(/usr/local/texlive/2026/texmf-dist/tex/latex/base/textcomp.sty
Package: textcomp 2024/04/24 v2.1b Standard LaTeX package
))
(/usr/local/texlive/2026/texmf-dist/tex/latex/lineno/lineno.sty
Package: lineno 2026/03/08 line numbers on paragraphs v5.9
\linenopenalty=\count494
\output=\toks54
\linenoprevgraf=\count495
\linenumbersep=\dimen331
\linenumberwidth=\dimen332
\c@linenumber=\count496
\c@pagewiselinenumber=\count497
\c@LN@truepage=\count498
\c@internallinenumber=\count499
\c@internallinenumbers=\count500
\quotelinenumbersep=\dimen333
\bframerule=\dimen334
\bframesep=\dimen335
\bframebox=\box150
\@LN@amsmath@ams@eqpen=\count501
)
\c@FancyVerbWriteLine=\count502
\c@FancyVerbBufferLine=\count503
\c@FV@TrueTabGroupLevel=\count504
\c@FV@TrueTabCounter=\count505
\FV@TabBox@Group=\box151
\FV@bgcolorstructbox=\box152
\FV@TmpLength=\skip92
\c@FV@HighlightLinesStart=\count506
\c@FV@HighlightLinesStop=\count507
\FV@LoopCount=\count508
\FV@NCharsBox=\box153
\FV@BreakIndent=\dimen336
\FV@BreakIndentNChars=\count509
\FV@BreakSymbolSepLeft=\dimen337
\FV@BreakSymbolSepLeftNChars=\count510
\FV@BreakSymbolSepRight=\dimen338
\FV@BreakSymbolSepRightNChars=\count511
\FV@BreakSymbolIndentLeft=\dimen339
\FV@BreakSymbolIndentLeftNChars=\count512
\FV@BreakSymbolIndentRight=\dimen340
\FV@BreakSymbolIndentRightNChars=\count513
\c@FancyVerbLineBreakLast=\count514
\FV@LineBox=\box154
\FV@LineIndentBox=\box155
\c@FV@BreakBufferDepth=\count515
\FV@LineWidth=\dimen341
)
(/usr/local/texlive/2026/texmf-dist/tex/latex/latex2pydata/latex2pydata.sty
Package: latex2pydata 2026/02/25 v0.7.0 latex2pydata - write data to file in Py
thon literal format
)
(/usr/local/texlive/2026/texmf-dist/tex/latex/pgfopts/pgfopts.sty
Package: pgfopts 2014/07/10 v2.1a LaTeX package options with pgfkeys
\pgfopts@list@add@a@toks=\toks55
\pgfopts@list@add@b@toks=\toks56
)
(/usr/local/texlive/2026/texmf-dist/tex/latex/tools/shellesc.sty
Package: shellesc 2023/07/08 v1.0d unified shell escape interface for LaTeX
Package shellesc Info: Unrestricted shell escape enabled on input line 75.
)
(/usr/local/texlive/2026/texmf-dist/tex/latex/float/float.sty
Package: float 2001/11/08 v1.3d Float enhancements (AL)
\c@float@type=\count516
\float@exts=\toks57
\float@box=\box156
\@float@everytoks=\toks58
\@floatcapt=\box157
)
\c@minted@FancyVerbLineTemp=\count517
\@float@every@listing=\toks59
\c@listing=\count518
)
(/usr/local/texlive/2026/texmf-dist/tex/latex/fdsymbol/fdsymbol.sty
Package: fdsymbol 2025/02/17 v1.0 FdSymbol support package
LaTeX Info: Redefining \dagger on input line 81.
LaTeX Info: Redefining \ddagger on input line 82.
LaTeX Info: Redefining \mathparagraph on input line 83.
LaTeX Info: Redefining \mathsection on input line 84.
LaTeX Info: Redefining \mathdollar on input line 85.
LaTeX Info: Redefining \mathsterling on input line 86.
LaTeX Info: Redefining \yen on input line 87.
LaTeX Info: Redefining \circledR on input line 88.
LaTeX Info: Redefining \circledS on input line 90.
LaTeX Info: Redefining \Re on input line 92.
LaTeX Info: Redefining \Im on input line 93.
LaTeX Info: Redefining \thicksim on input line 95.
LaTeX Info: Redefining \thickapprox on input line 96.
LaTeX Info: Redefining \centerdot on input line 101.
LaTeX Font Info:    Redeclaring symbol font `symbols' on input line 180.
LaTeX Font Info:    Encoding `OMS' has changed to `U' for symbol font
(Font)              `symbols' in the math version `normal' on input line 180.
LaTeX Font Info:    Overwriting symbol font `symbols' in version `normal'
(Font)                  OMS/cmsy/m/n --> U/FdSymbolA/m/n on input line 180.
LaTeX Font Info:    Encoding `OMS' has changed to `U' for symbol font
(Font)              `symbols' in the math version `bold' on input line 180.
LaTeX Font Info:    Overwriting symbol font `symbols' in version `bold'
(Font)                  OMS/cmsy/b/n --> U/FdSymbolA/m/n on input line 180.
\symrelations=\mathgroup7
\symarrows=\mathgroup8
\symnarrows=\mathgroup9
LaTeX Font Info:    Redeclaring symbol font `largesymbols' on input line 184.
LaTeX Font Info:    Encoding `OMX' has changed to `U' for symbol font
(Font)              `largesymbols' in the math version `normal' on input line 1
84.
LaTeX Font Info:    Overwriting symbol font `largesymbols' in version `normal'
(Font)                  OMX/cmex/m/n --> U/FdSymbolE/m/n on input line 184.
LaTeX Font Info:    Encoding `OMX' has changed to `U' for symbol font
(Font)              `largesymbols' in the math version `bold' on input line 184
.
LaTeX Font Info:    Overwriting symbol font `largesymbols' in version `bold'
(Font)                  OMX/cmex/m/n --> U/FdSymbolE/m/n on input line 184.
\symdelimiters=\mathgroup10
LaTeX Font Info:    Overwriting symbol font `symbols' in version `bold'
(Font)                  U/FdSymbolA/m/n --> U/FdSymbolA/b/n on input line 186.
LaTeX Font Info:    Overwriting symbol font `relations' in version `bold'
(Font)                  U/FdSymbolB/m/n --> U/FdSymbolB/b/n on input line 187.
LaTeX Font Info:    Overwriting symbol font `arrows' in version `bold'
(Font)                  U/FdSymbolC/m/n --> U/FdSymbolC/b/n on input line 188.
LaTeX Font Info:    Overwriting symbol font `narrows' in version `bold'
(Font)                  U/FdSymbolD/m/n --> U/FdSymbolD/b/n on input line 189.
LaTeX Font Info:    Overwriting symbol font `largesymbols' in version `bold'
(Font)                  U/FdSymbolE/m/n --> U/FdSymbolE/b/n on input line 190.
LaTeX Font Info:    Overwriting symbol font `delimiters' in version `bold'
(Font)                  U/FdSymbolF/m/n --> U/FdSymbolF/b/n on input line 191.
LaTeX Font Info:    Redeclaring math alphabet \mathcal on input line 192.
LaTeX Font Info:    Overwriting math alphabet `\mathcal' in version `bold'
(Font)                  OMS/cmsy/m/n --> OMS/cmsy/b/n on input line 193.
LaTeX Font Info:    Redeclaring math alphabet \mathbb on input line 194.
LaTeX Font Info:    Redeclaring math alphabet \mathfrak on input line 195.
LaTeX Font Info:    Overwriting math alphabet `\mathfrak' in version `normal'
(Font)                  U/euf/m/n --> U/euf/m/n on input line 195.
LaTeX Font Info:    Overwriting math alphabet `\mathfrak' in version `bold'
(Font)                  U/euf/b/n --> U/euf/m/n on input line 195.
LaTeX Font Info:    Overwriting math alphabet `\mathfrak' in version `bold'
(Font)                  U/euf/m/n --> U/euf/b/n on input line 196.
LaTeX Info: Redefining \vdots on input line 221.
LaTeX Info: Redefining \relbar on input line 1205.
LaTeX Info: Redefining \Relbar on input line 1206.
LaTeX Font Info:    Redeclaring math accent \widehat on input line 1796.
LaTeX Font Info:    Redeclaring math accent \widetilde on input line 1797.
LaTeX Font Info:    Redeclaring math accent \vec on input line 1799.
LaTeX Font Info:    Redeclaring math symbol \setminus on input line 1902.
LaTeX Font Info:    Redeclaring math symbol \mid on input line 1907.
LaTeX Font Info:    Redeclaring math symbol \nmid on input line 1908.
LaTeX Font Info:    Redeclaring math symbol \parallel on input line 1912.
LaTeX Font Info:    Redeclaring math symbol \nparallel on input line 1913.
LaTeX Font Info:    Redeclaring math symbol \shortmid on input line 1921.
LaTeX Font Info:    Redeclaring math symbol \nshortmid on input line 1922.
LaTeX Font Info:    Redeclaring math symbol \shortparallel on input line 1923.
LaTeX Font Info:    Redeclaring math symbol \nshortparallel on input line 1924.

LaTeX Font Info:    Redeclaring math symbol \braceld on input line 1944.
LaTeX Font Info:    Redeclaring math symbol \bracelu on input line 1945.
LaTeX Font Info:    Redeclaring math symbol \bracerd on input line 1946.
LaTeX Font Info:    Redeclaring math symbol \braceru on input line 1947.
LaTeX Info: Redefining \overbrace on input line 1963.
LaTeX Info: Redefining \underbrace on input line 1966.
LaTeX Font Info:    Redeclaring math symbol \surd on input line 1980.
)
(/usr/local/texlive/2026/texmf-dist/tex/latex/enumitem/enumitem.sty
Package: enumitem 2025/02/06 v3.11 Customized lists
\labelindent=\skip93
\enit@outerparindent=\dimen342
\enit@toks=\toks60
\enit@inbox=\box158
\enit@count@id=\count519
\enitdp@description=\count520
)
(/usr/local/texlive/2026/texmf-dist/tex/latex/csquotes/csquotes.sty
Package: csquotes 2024-04-04 v5.2o context-sensitive quotations (JAW)
\csq@reset=\count521
\csq@gtype=\count522
\csq@glevel=\count523
\csq@qlevel=\count524
\csq@maxlvl=\count525
\csq@tshold=\count526
\csq@ltx@everypar=\toks61

(/usr/local/texlive/2026/texmf-dist/tex/latex/csquotes/csquotes.def
File: csquotes.def 2024-04-04 v5.2o csquotes generic definitions (JAW)
)
Package csquotes Info: Trying to load configuration file 'csquotes.cfg'...
Package csquotes Info: ... configuration file loaded successfully.

(/usr/local/texlive/2026/texmf-dist/tex/latex/csquotes/csquotes.cfg
File: csquotes.cfg 
))
(/usr/local/texlive/2026/texmf-dist/tex/latex/yfonts/yfonts.sty
Package: yfonts 2019/04/04 v1.4 (WaS&NP)
LaTeX Encoding Info:    Redeclaring text command \" (encoding LYG) on input lin
e 58.
LaTeX Encoding Info:    Text composite with undeclared \" in encoding LYG on in
put line 58.
)
(/usr/local/texlive/2026/texmf-dist/tex/latex/geometry/geometry.sty
Package: geometry 2026/03/07 v6.0 Page Geometry

(/usr/local/texlive/2026/texmf-dist/tex/generic/iftex/ifvtex.sty
Package: ifvtex 2019/10/25 v1.7 ifvtex legacy package. Use iftex instead.
)
\Gm@cnth=\count527
\Gm@cntv=\count528
\c@Gm@tempcnt=\count529
\Gm@bindingoffset=\dimen343
\Gm@wd@mp=\dimen344
\Gm@odd@mp=\dimen345
\Gm@even@mp=\dimen346
\Gm@layoutwidth=\dimen347
\Gm@layoutheight=\dimen348
\Gm@layouthoffset=\dimen349
\Gm@layoutvoffset=\dimen350
\Gm@dimlist=\toks62
)
(/usr/local/texlive/2026/texmf-dist/tex/latex/titlepic/titlepic.sty
Package: titlepic 2017/03/14 1.2 Package to display a picture on the title page

)
LaTeX Info: Redefining \emph on input line 82.
\c@thm=\count530
\c@defn=\count531
\c@axiom=\count532
\c@exmp=\count533
\c@exer=\count534
\c@practiceprob=\count535
\c@exposition=\count536
\c@note=\count537
\c@case=\count538

(/usr/local/texlive/2026/texmf-dist/tex/latex/tcolorbox/tcolorbox.sty
Package: tcolorbox 2025/11/28 version 6.9.0 text color boxes

(/usr/local/texlive/2026/texmf-dist/tex/latex/tools/verbatim.sty
Package: verbatim 2024-01-22 v1.5x LaTeX2e package for verbatim enhancements
\every@verbatim=\toks63
\verbatim@line=\toks64
\verbatim@in@stream=\read6
)
(/usr/local/texlive/2026/texmf-dist/tex/latex/environ/environ.sty
Package: environ 2014/05/04 v0.3 A new way to define environments

(/usr/local/texlive/2026/texmf-dist/tex/latex/trimspaces/trimspaces.sty
Package: trimspaces 2009/09/17 v1.1 Trim spaces around a token list
))
\tcb@titlebox=\box159
\tcb@upperbox=\box160
\tcb@lowerbox=\box161
\tcb@phantombox=\box162
\c@tcbbreakpart=\count539
\c@tcblayer=\count540
\c@tcolorbox@number=\count541
\l__tcobox_tmpa_box=\box163
\l__tcobox_tmpa_dim=\dimen351
\tcb@temp=\box164
\tcb@temp=\box165
\tcb@temp=\box166
\tcb@temp=\box167

(/usr/local/texlive/2026/texmf-dist/tex/latex/tcolorbox/tcbbreakable.code.tex
Library (tcolorbox): 'tcbbreakable.code.tex' version '6.9.0'
(/usr/local/texlive/2026/texmf-dist/tex/latex/pdfcol/pdfcol.sty
Package: pdfcol 2022-09-21 v1.7 Handle new color stacks for pdfTeX (HO)
)
Package pdfcol Info: New color stack `tcb@breakable' = 1 on input line 23.
\tcb@testbox=\box168
\tcb@totalupperbox=\box169
\tcb@totallowerbox=\box170
))
(/usr/local/texlive/2026/texmf-dist/tex/latex/tcolorbox/tcbtheorems.code.tex
Library (tcolorbox): 'tcbtheorems.code.tex' version '6.9.0'
) (/usr/local/texlive/2026/texmf-dist/tex/latex/tcolorbox/tcbskins.code.tex
Library (tcolorbox): 'tcbskins.code.tex' version '6.9.0'
(/usr/local/texlive/2026/texmf-dist/tex/latex/tikzfill/tikzfill.image.sty
Package: tikzfill.image 2023/08/08 v1.0.1 Image filling library for TikZ

(/usr/local/texlive/2026/texmf-dist/tex/latex/tikzfill/tikzfill-common.sty
Package: tikzfill-common 2023/08/08 v1.0.1 Auxiliary code for tikzfill
)
(/usr/local/texlive/2026/texmf-dist/tex/latex/tikzfill/tikzlibraryfill.image.co
de.tex
File: tikzlibraryfill.image.code.tex 2023/08/08 v1.0.1 Image filling library
\l__tikzfill_img_box=\box171
))
(/usr/local/texlive/2026/texmf-dist/tex/latex/tcolorbox/tcbskinsjigsaw.code.tex
Library (tcolorbox): 'tcbskinsjigsaw.code.tex' version '6.9.0'
))) (./tex/Discrete_Tikz_Header.tex (./images/GRU_Image_Sets.tex))
Package csquotes Info: Checking for multilingual support...
Package csquotes Info: ... found 'babel' package.
Package csquotes Info: Adjusting default style.
Package csquotes Info: Redefining alias 'default' -> 'english'.

(./out/main.aux)
\openout1 = main.aux

LaTeX Font Info:    Checking defaults for OML/cmm/m/it on input line 39.
LaTeX Font Info:    ... okay on input line 39.
LaTeX Font Info:    Checking defaults for OMS/cmsy/m/n on input line 39.
LaTeX Font Info:    ... okay on input line 39.
LaTeX Font Info:    Checking defaults for OT1/cmr/m/n on input line 39.
LaTeX Font Info:    ... okay on input line 39.
LaTeX Font Info:    Checking defaults for T1/cmr/m/n on input line 39.
LaTeX Font Info:    ... okay on input line 39.
LaTeX Font Info:    Checking defaults for TS1/cmr/m/n on input line 39.
LaTeX Font Info:    ... okay on input line 39.
LaTeX Font Info:    Checking defaults for TU/lmr/m/n on input line 39.
LaTeX Font Info:    ... okay on input line 39.
LaTeX Font Info:    Checking defaults for OMX/cmex/m/n on input line 39.
LaTeX Font Info:    ... okay on input line 39.
LaTeX Font Info:    Checking defaults for U/cmr/m/n on input line 39.
LaTeX Font Info:    ... okay on input line 39.
LaTeX Font Info:    Checking defaults for PD1/pdf/m/n on input line 39.
LaTeX Font Info:    ... okay on input line 39.
LaTeX Font Info:    Checking defaults for PU/pdf/m/n on input line 39.
LaTeX Font Info:    ... okay on input line 39.
LaTeX Font Info:    Checking defaults for LY/yfrak/m/n on input line 39.
LaTeX Font Info:    ... okay on input line 39.
LaTeX Font Info:    Checking defaults for LYG/ygoth/m/n on input line 39.
LaTeX Font Info:    ... okay on input line 39.
Package biblatex Info: Trying to load language 'english'...
Package biblatex Info: ... file 'english.lbx' found.

(/usr/local/texlive/2026/texmf-dist/tex/latex/biblatex/lbx/english.lbx
File: english.lbx 2025/07/10 v3.21 biblatex localization (PK/MW)
)
Package biblatex Info: LuaTeX detected.
(biblatex)             Assuming input encoding 'utf8'.
Package biblatex Info: Automatic encoding selection.
(biblatex)             Assuming data encoding 'utf8'.

\openout3 = main.bcf
Package biblatex Info: Trying to load bibliographic data...
Package biblatex Info: ... file 'main.bbl' found.

(./out/main.bbl)
Package biblatex Info: Reference section=0 on input line 39.
Package biblatex Info: Reference segment=0 on input line 39.

(/usr/local/texlive/2026/texmf-dist/tex/context/base/mkii/supp-pdf.mkii
[Loading MPS to PDF converter (version 2006.09.02).]
\scratchcounter=\count542
\scratchdimen=\dimen352
\scratchbox=\box172
\nofMPsegments=\count543
\nofMParguments=\count544
\everyMPshowfont=\toks65
\MPscratchCnt=\count545
\MPscratchDim=\dimen353
\MPnumerator=\count546
\makeMPintoPDFobject=\count547
\everyMPtoPDFconversion=\toks66
) (/usr/local/texlive/2026/texmf-dist/tex/latex/epstopdf-pkg/epstopdf-base.sty
Package: epstopdf-base 2020-01-24 v2.11 Base part for package epstopdf
Package epstopdf-base Info: Redefining graphics rule for `.eps' on input line 4
85.

(/usr/local/texlive/2026/texmf-dist/tex/latex/latexconfig/epstopdf-sys.cfg
File: epstopdf-sys.cfg 2010/07/13 v1.3 Configuration of (r)epstopdf for TeX Liv
e
))
Package pgfplots notification 'compat/show suggested version=true': document ha
s been generated with the most recent feature set (\pgfplotsset{compat=1.18}).

Package caption Info: Begin \AtBeginDocument code.
Package caption Info: float package is loaded.
Package caption Info: hyperref package is loaded.
Package caption Info: End \AtBeginDocument code.
Package hyperref Info: Link coloring ON on input line 39.
(./out/main.out) (./out/main.out)
\@outlinefile=\write7

\openout7 = main.out

*geometry* driver: auto-detecting
*geometry* detected driver: luatex
*geometry* verbose mode - [ preamble ] result:
* driver: luatex
* paper: <default>
* layout: <same size as paper>
* layoutoffset:(h,v)=(0.0pt,0.0pt)
* modes: twoside 
* h-part:(L,W,R)=(72.26999pt, 505.89001pt, 36.135pt)
* v-part:(T,H,B)=(72.26999pt, 668.4975pt, 54.2025pt)
* \paperwidth=614.295pt
* \paperheight=794.96999pt
* \textwidth=505.89001pt
* \textheight=668.4975pt
* \oddsidemargin=0.0pt
* \evensidemargin=-36.135pt
* \topmargin=-31.8738pt
* \headheight=12.0pt
* \headsep=19.8738pt
* \topskip=12.0pt
* \footskip=30.0pt
* \marginparwidth=98.0pt
* \marginparsep=7.0pt
* \columnsep=10.0pt
* \skip\footins=10.8pt plus 4.0pt minus 2.0pt
* \hoffset=0.0pt
* \voffset=0.0pt
* \mag=1000
* \@twocolumnfalse
* \@twosidetrue
* \@mparswitchtrue
* \@reversemarginfalse
* (1in=72.27pt=25.4mm, 1cm=28.453pt)

LaTeX Font Info:    Font shape `U/FdSymbolA/m/n' will be
(Font)              scaled to size 14.4pt on input line 41.
LaTeX Font Info:    Font shape `U/FdSymbolA/m/n' will be
(Font)              scaled to size 10.0pt on input line 41.
LaTeX Font Info:    Font shape `U/FdSymbolA/m/n' will be
(Font)              scaled to size 7.0pt on input line 41.
LaTeX Font Info:    Font shape `U/FdSymbolE/m/n' will be
(Font)              scaled to size 14.4pt on input line 41.
LaTeX Font Info:    Font shape `U/FdSymbolE/m/n' will be
(Font)              scaled to size 10.0pt on input line 41.
LaTeX Font Info:    Font shape `U/FdSymbolE/m/n' will be
(Font)              scaled to size 7.0pt on input line 41.
LaTeX Font Info:    Trying to load font information for U+msa on input line 41.

(/usr/local/texlive/2026/texmf-dist/tex/latex/amsfonts/umsa.fd
File: umsa.fd 2013/01/14 v3.01 AMS symbols A
)
LaTeX Font Info:    Trying to load font information for U+msb on input line 41.


(/usr/local/texlive/2026/texmf-dist/tex/latex/amsfonts/umsb.fd
File: umsb.fd 2013/01/14 v3.01 AMS symbols B
)
LaTeX Font Info:    Trying to load font information for U+rsfs on input line 41
.

(/usr/local/texlive/2026/texmf-dist/tex/latex/jknapltx/ursfs.fd
File: ursfs.fd 1998/03/24 rsfs font definition file (jk)
)
LaTeX Font Info:    Font shape `U/FdSymbolB/m/n' will be
(Font)              scaled to size 14.4pt on input line 41.
LaTeX Font Info:    Font shape `U/FdSymbolB/m/n' will be
(Font)              scaled to size 10.0pt on input line 41.
LaTeX Font Info:    Font shape `U/FdSymbolB/m/n' will be
(Font)              scaled to size 7.0pt on input line 41.
LaTeX Font Info:    Font shape `U/FdSymbolC/m/n' will be
(Font)              scaled to size 14.4pt on input line 41.
LaTeX Font Info:    Font shape `U/FdSymbolC/m/n' will be
(Font)              scaled to size 10.0pt on input line 41.
LaTeX Font Info:    Font shape `U/FdSymbolC/m/n' will be
(Font)              scaled to size 7.0pt on input line 41.
LaTeX Font Info:    Font shape `U/FdSymbolD/m/n' will be
(Font)              scaled to size 14.4pt on input line 41.
LaTeX Font Info:    Font shape `U/FdSymbolD/m/n' will be
(Font)              scaled to size 10.0pt on input line 41.
LaTeX Font Info:    Font shape `U/FdSymbolD/m/n' will be
(Font)              scaled to size 7.0pt on input line 41.
LaTeX Font Info:    Font shape `U/FdSymbolF/m/n' will be
(Font)              scaled to size 14.4pt on input line 41.
LaTeX Font Info:    Font shape `U/FdSymbolF/m/n' will be
(Font)              scaled to size 10.0pt on input line 41.
LaTeX Font Info:    Font shape `U/FdSymbolF/m/n' will be
(Font)              scaled to size 7.0pt on input line 41.
<images/WCSU_Logo_AS.png, id=115, 63.8385pt x 45.0483pt>
File: images/WCSU_Logo_AS.png Graphic file (type png)
<use images/WCSU_Logo_AS.png>
Package luatex.def Info: images/WCSU_Logo_AS.png  used on input line 41.
(luatex.def)             Requested size: 216.81pt x 153.01846pt.
 [1


{/usr/local/texlive/2026/texmf-var/fonts/map/pdftex/updmap/pdftex.map}<./images/
WCSU_Logo_AS.png>] (./copyright_information.tex
LaTeX Font Info:    Font shape `U/FdSymbolA/m/n' will be
(Font)              scaled to size 12.0pt on input line 3.
LaTeX Font Info:    Font shape `U/FdSymbolA/m/n' will be
(Font)              scaled to size 8.0pt on input line 3.
LaTeX Font Info:    Font shape `U/FdSymbolA/m/n' will be
(Font)              scaled to size 6.0pt on input line 3.
LaTeX Font Info:    Font shape `U/FdSymbolE/m/n' will be
(Font)              scaled to size 12.0pt on input line 3.
LaTeX Font Info:    Font shape `U/FdSymbolE/m/n' will be
(Font)              scaled to size 8.0pt on input line 3.
LaTeX Font Info:    Font shape `U/FdSymbolE/m/n' will be
(Font)              scaled to size 6.0pt on input line 3.
LaTeX Font Info:    Font shape `U/FdSymbolB/m/n' will be
(Font)              scaled to size 12.0pt on input line 3.
LaTeX Font Info:    Font shape `U/FdSymbolB/m/n' will be
(Font)              scaled to size 8.0pt on input line 3.
LaTeX Font Info:    Font shape `U/FdSymbolB/m/n' will be
(Font)              scaled to size 6.0pt on input line 3.
LaTeX Font Info:    Font shape `U/FdSymbolC/m/n' will be
(Font)              scaled to size 12.0pt on input line 3.
LaTeX Font Info:    Font shape `U/FdSymbolC/m/n' will be
(Font)              scaled to size 8.0pt on input line 3.
LaTeX Font Info:    Font shape `U/FdSymbolC/m/n' will be
(Font)              scaled to size 6.0pt on input line 3.
LaTeX Font Info:    Font shape `U/FdSymbolD/m/n' will be
(Font)              scaled to size 12.0pt on input line 3.
LaTeX Font Info:    Font shape `U/FdSymbolD/m/n' will be
(Font)              scaled to size 8.0pt on input line 3.
LaTeX Font Info:    Font shape `U/FdSymbolD/m/n' will be
(Font)              scaled to size 6.0pt on input line 3.
LaTeX Font Info:    Font shape `U/FdSymbolF/m/n' will be
(Font)              scaled to size 12.0pt on input line 3.
LaTeX Font Info:    Font shape `U/FdSymbolF/m/n' will be
(Font)              scaled to size 8.0pt on input line 3.
LaTeX Font Info:    Font shape `U/FdSymbolF/m/n' will be
(Font)              scaled to size 6.0pt on input line 3.
<images/by-nc-sa.png, id=126, 97.0827pt x 33.9669pt>
File: images/by-nc-sa.png Graphic file (type png)
<use images/by-nc-sa.png>
Package luatex.def Info: images/by-nc-sa.png  used on input line 4.
(luatex.def)             Requested size: 97.08244pt x 33.96681pt.
) [2<./images/by-nc-sa.png>]
(./out/main.toc)
\tf@toc=\write8

\openout8 = main.toc
 [3

] [4

] (./chapters/preface.tex) [5] [6

]
Chapter 1.
(./chapters/logic/logic_chapter.tex (./chapters/logic/Logical_Statements.tex
[7

]
\c@n=\count548
<images/created/grass_zombies.png, id=201, 1622.06pt x 1035.87pt>
File: images/created/grass_zombies.png Graphic file (type png)
<use images/created/grass_zombies.png>
Package luatex.def Info: images/created/grass_zombies.png  used on input line 3
2.
(luatex.def)             Requested size: 389.30235pt x 248.61388pt.
<images/created/venn_zombies.png, id=203, 1321.93875pt x 1097.09875pt>
File: images/created/venn_zombies.png Graphic file (type png)
<use images/created/venn_zombies.png>
Package luatex.def Info: images/created/venn_zombies.png  used on input line 42
.
(luatex.def)             Requested size: 317.27179pt x 263.30908pt.
 [8

<./images/created/grass_zombies.png><./images/created/venn_zombies.png>])
Underfull \vbox (badness 10000) has occurred while \output is active []


Underfull \vbox (badness 10000) has occurred while \output is active []

 [9

]
[10] (./chapters/logic/implications.tex
<images/created/rainy_grass.png, id=244, 1816.7875pt x 380.42125pt>
File: images/created/rainy_grass.png Graphic file (type png)
<use images/created/rainy_grass.png>
Package luatex.def Info: images/created/rainy_grass.png  used on input line 13.

(luatex.def)             Requested size: 436.03792pt x 91.30295pt.
 [11

<./images/created/rainy_grass.png>]
<images/created/dive_bomb.png, id=258, 1810.765pt x 396.48125pt>
File: images/created/dive_bomb.png Graphic file (type png)
<use images/created/dive_bomb.png>
Package luatex.def Info: images/created/dive_bomb.png  used on input line 72.
(luatex.def)             Requested size: 434.59248pt x 95.15744pt.

[12

<./images/created/dive_bomb.png>]
Underfull \vbox (badness 10000) has occurred while \output is active []


Underfull \vbox (badness 10000) has occurred while \output is active []

 [13

]
<images/created/vennplication.png, id=283, 1209.51875pt x 732.7375pt>
File: images/created/vennplication.png Graphic file (type png)
<use images/created/vennplication.png>
Package luatex.def Info: images/created/vennplication.png  used on input line 2
18.
(luatex.def)             Requested size: 290.29044pt x 175.8606pt.
)
Underfull \vbox (badness 10000) has occurred while \output is active []


Underfull \vbox (badness 10000) has occurred while \output is active []

 [14<./images/created/vennplication.png>] (./chapters/logic/Valid_Arguments.tex
LaTeX Font Info:    Font shape `U/FdSymbolA/m/n' will be
(Font)              scaled to size 5.0pt on input line 5.
LaTeX Font Info:    Font shape `U/FdSymbolE/m/n' will be
(Font)              scaled to size 5.0pt on input line 5.
LaTeX Font Info:    Font shape `U/FdSymbolB/m/n' will be
(Font)              scaled to size 5.0pt on input line 5.
LaTeX Font Info:    Font shape `U/FdSymbolC/m/n' will be
(Font)              scaled to size 5.0pt on input line 5.
LaTeX Font Info:    Font shape `U/FdSymbolD/m/n' will be
(Font)              scaled to size 5.0pt on input line 5.
LaTeX Font Info:    Font shape `U/FdSymbolF/m/n' will be
(Font)              scaled to size 5.0pt on input line 5.
 [15

]
[16

] [17

]) [18

] (./chapters/logic/predicates.tex [19

]
<images/created/tarski_world.png, id=440, 2080.77374pt x 2055.68pt>
File: images/created/tarski_world.png Graphic file (type png)
<use images/created/tarski_world.png>
Package luatex.def Info: images/created/tarski_world.png  used on input line 57
.
(luatex.def)             Requested size: 499.3959pt x 493.37329pt.
 [20

<./images/created/tarski_world.png>]
<images/created/truth_set_venn.png, id=447, 1470.49374pt x 1055.945pt>
File: images/created/truth_set_venn.png Graphic file (type png)
<use images/created/truth_set_venn.png>
Package luatex.def Info: images/created/truth_set_venn.png  used on input line 
75.
(luatex.def)             Requested size: 352.9257pt x 253.43198pt.
 [21

<./images/created/truth_set_venn.png>]
<images/created/empty_truth_venn.png, id=461, 1262.7175pt x 907.39pt>
File: images/created/empty_truth_venn.png Graphic file (type png)
<use images/created/empty_truth_venn.png>
Package luatex.def Info: images/created/empty_truth_venn.png  used on input lin
e 105.
(luatex.def)             Requested size: 303.0584pt x 217.77805pt.

Underfull \vbox (badness 10000) has occurred while \output is active []


Underfull \vbox (badness 10000) has occurred while \output is active []

 [22

<./images/created/empty_truth_venn.png>] [23

])) [24

]
Chapter 2.
(./chapters/seq/seq_and_sums_chapter.tex (./chapters/seq/sequences.tex
<images/created/filled_out_seq_graph.png, id=497, 867.24pt x 736.7525pt>
File: images/created/filled_out_seq_graph.png Graphic file (type png)
<use images/created/filled_out_seq_graph.png>
Package luatex.def Info: images/created/filled_out_seq_graph.png  used on input
 line 27.
(luatex.def)             Requested size: 208.14185pt x 176.8242pt.
 [25


<./images/created/filled_out_seq_graph.png>]
<images/created/empty_seq_graph.png, id=506, 688.5725pt x 594.22pt>
File: images/created/empty_seq_graph.png Graphic file (type png)
<use images/created/empty_seq_graph.png>
Package luatex.def Info: images/created/empty_seq_graph.png  used on input line
 47.
(luatex.def)             Requested size: 165.26077pt x 142.6157pt.
File: images/created/empty_seq_graph.png Graphic file (type png)
<use images/created/empty_seq_graph.png>
Package luatex.def Info: images/created/empty_seq_graph.png  used on input line
 65.
(luatex.def)             Requested size: 165.26077pt x 142.6157pt.
File: images/created/empty_seq_graph.png Graphic file (type png)
<use images/created/empty_seq_graph.png>
Package luatex.def Info: images/created/empty_seq_graph.png  used on input line
 82.
(luatex.def)             Requested size: 165.26077pt x 142.6157pt.
File: images/created/empty_seq_graph.png Graphic file (type png)
<use images/created/empty_seq_graph.png>
Package luatex.def Info: images/created/empty_seq_graph.png  used on input line
 98.
(luatex.def)             Requested size: 165.26077pt x 142.6157pt.

Underfull \vbox (badness 10000) has occurred while \output is active []


Underfull \vbox (badness 10000) has occurred while \output is active []

 [26

<./images/created/empty_seq_graph.png>]
File: images/created/empty_seq_graph.png Graphic file (type png)
<use images/created/empty_seq_graph.png>
Package luatex.def Info: images/created/empty_seq_graph.png  used on input line
 114.
(luatex.def)             Requested size: 165.26077pt x 142.6157pt.
File: images/created/empty_seq_graph.png Graphic file (type png)
<use images/created/empty_seq_graph.png>
Package luatex.def Info: images/created/empty_seq_graph.png  used on input line
 133.
(luatex.def)             Requested size: 165.26077pt x 142.6157pt.
 [27]
Underfull \vbox (badness 10000) has occurred while \output is active []


Underfull \vbox (badness 10000) has occurred while \output is active []

 [28

]
Underfull \vbox (badness 10000) has occurred while \output is active []


Underfull \vbox (badness 10000) has occurred while \output is active []

 [29]
[30] [31

]) [32

] (./chapters/seq/sum_prod_notation.tex
<images/created/summation_notation.png, id=562, 1707.37875pt x 474.77374pt>
File: images/created/summation_notation.png Graphic file (type png)
<use images/created/summation_notation.png>
Package luatex.def Info: images/created/summation_notation.png  used on input l
ine 8.
(luatex.def)             Requested size: 403.40614pt x 112.17313pt.
<images/created/product_notation.png, id=564, 1707.37875pt x 483.8075pt>
File: images/created/product_notation.png Graphic file (type png)
<use images/created/product_notation.png>
Package luatex.def Info: images/created/product_notation.png  used on input lin
e 23.
(luatex.def)             Requested size: 403.40614pt x 114.30751pt.
) [33

<./images/created/summation_notation.png><./images/created/product_notation.png>
]
(./chapters/seq/arithmetic_sums.tex
<images/created/arithmetic_sum.png, id=579, 1714.405pt x 608.2725pt>
File: images/created/arithmetic_sum.png Graphic file (type png)
<use images/created/arithmetic_sum.png>
Package luatex.def Info: images/created/arithmetic_sum.png  used on input line 
32.
(luatex.def)             Requested size: 411.4656pt x 145.98837pt.
 [34

<./images/created/arithmetic_sum.png>]
[35]) [36

] (./chapters/seq/geometric_sums.tex
<images/created/powersoftwosum.png, id=605, 1838.87pt x 125.46875pt>
File: images/created/powersoftwosum.png Graphic file (type png)
<use images/created/powersoftwosum.png>
Package luatex.def Info: images/created/powersoftwosum.png  used on input line 
13.
(luatex.def)             Requested size: 441.33781pt x 30.1131pt.
 [37

<./images/created/powersoftwosum.png>]
<images/created/sumofpowersofhalf.png, id=614, 375.4025pt x 649.42625pt>
File: images/created/sumofpowersofhalf.png Graphic file (type png)
<use images/created/sumofpowersofhalf.png>
Package luatex.def Info: images/created/sumofpowersofhalf.png  used on input li
ne 63.
(luatex.def)             Requested size: 90.09843pt x 155.86548pt.

Underfull \vbox (badness 10000) has occurred while \output is active []


Underfull \vbox (badness 10000) has occurred while \output is active []

 [38

]
[39<./images/created/sumofpowersofhalf.png>]
<images/created/sumofpowersofonequarter.png, id=627, 492.84125pt x 428.60126pt>

File: images/created/sumofpowersofonequarter.png Graphic file (type png)
<use images/created/sumofpowersofonequarter.png>
Package luatex.def Info: images/created/sumofpowersofonequarter.png  used on in
put line 94.
(luatex.def)             Requested size: 118.2843pt x 102.8664pt.
 [40

<./images/created/sumofpowersofonequarter.png>]) [41

] (./chapters/seq/formulas.tex [42

] [43

] [44

] [45

]
Underfull \vbox (badness 10000) has occurred while \output is active []


Underfull \vbox (badness 10000) has occurred while \output is active []

 [46

]
[47] [48

] [49

]
Underfull \vbox (badness 10000) has occurred while \output is active []


Underfull \vbox (badness 10000) has occurred while \output is active []

 [50

]
[51] [52

])) [53

] [54

]
Chapter 3.
(./chapters/relations/sets_and_relations_chap.tex
(./chapters/relations/sets.tex
<images/created/setbuilder.png, id=804, 1063.975pt x 419.5675pt>
File: images/created/setbuilder.png Graphic file (type png)
<use images/created/setbuilder.png>
Package luatex.def Info: images/created/setbuilder.png  used on input line 43.
(luatex.def)             Requested size: 255.35922pt x 100.69824pt.

Underfull \vbox (badness 10000) has occurred while \output is active []


Underfull \vbox (badness 10000) has occurred while \output is active []

 [55

]
LaTeX Font Info:    Font shape `U/FdSymbolA/m/n' will be
(Font)              scaled to size 17.28pt on input line 67.
LaTeX Font Info:    Font shape `U/FdSymbolE/m/n' will be
(Font)              scaled to size 17.28pt on input line 67.
LaTeX Font Info:    Font shape `U/FdSymbolB/m/n' will be
(Font)              scaled to size 17.28pt on input line 67.
LaTeX Font Info:    Font shape `U/FdSymbolC/m/n' will be
(Font)              scaled to size 17.28pt on input line 67.
LaTeX Font Info:    Font shape `U/FdSymbolD/m/n' will be
(Font)              scaled to size 17.28pt on input line 67.
LaTeX Font Info:    Font shape `U/FdSymbolF/m/n' will be
(Font)              scaled to size 17.28pt on input line 67.

Underfull \vbox (badness 10000) has occurred while \output is active []


Underfull \vbox (badness 10000) has occurred while \output is active []

 [56<./images/created/setbuilder.png>] [57]
Underfull \vbox (badness 10000) has occurred while \output is active []


Underfull \vbox (badness 10000) has occurred while \output is active []

 [58

]
[59]
<images/created/twosetvenn.png, id=853, 729.72626pt x 492.84125pt>
File: images/created/twosetvenn.png Graphic file (type png)
<use images/created/twosetvenn.png>
Package luatex.def Info: images/created/twosetvenn.png  used on input line 161.

(luatex.def)             Requested size: 175.13788pt x 118.2843pt.
<images/created/threesetvenndiagram.png, id=854, 729.72626pt x 670.505pt>
File: images/created/threesetvenndiagram.png Graphic file (type png)
<use images/created/threesetvenndiagram.png>
Package luatex.def Info: images/created/threesetvenndiagram.png  used on input 
line 183.
(luatex.def)             Requested size: 129.60735pt x 119.08965pt.
 [60

<./images/created/twosetvenn.png><./images/created/threesetvenndiagram.png>]
<images/created/emptytwosetvenn.png, id=872, 658.46pt x 444.66125pt>
File: images/created/emptytwosetvenn.png Graphic file (type png)
<use images/created/emptytwosetvenn.png>
Package luatex.def Info: images/created/emptytwosetvenn.png  used on input line
 206.
(luatex.def)             Requested size: 166.1101pt x 112.1692pt.
<images/created/cartesianproduct.png, id=873, 659.46375pt x 549.05125pt>
File: images/created/cartesianproduct.png Graphic file (type png)
<use images/created/cartesianproduct.png>
Package luatex.def Info: images/created/cartesianproduct.png  used on input lin
e 225.
(luatex.def)             Requested size: 158.27452pt x 131.775pt.
 [61

<./images/created/emptytwosetvenn.png><./images/created/cartesianproduct.png>]
<images/created/powersetinclusiondiagram.png, id=886, 1453.43pt x 979.66pt>
File: images/created/powersetinclusiondiagram.png Graphic file (type png)
<use images/created/powersetinclusiondiagram.png>
Package luatex.def Info: images/created/powersetinclusiondiagram.png  used on i
nput line 248.
(luatex.def)             Requested size: 348.83032pt x 235.1232pt.

Underfull \vbox (badness 10000) has occurred while \output is active []


Underfull \vbox (badness 10000) has occurred while \output is active []

 [62

<./images/created/powersetinclusiondiagram.png>]) [63]
(./chapters/relations/relations.tex [64

] [65

] [66

]
Underfull \vbox (badness 10000) has occurred while \output is active []


Underfull \vbox (badness 10000) has occurred while \output is active []

 [67

]
[68

] [69

]
<images/created/setrelationdiagram.png, id=955, 801.99625pt x 809.0225pt>
File: images/created/setrelationdiagram.png Graphic file (type png)
<use images/created/setrelationdiagram.png>
Package luatex.def Info: images/created/setrelationdiagram.png  used on input l
ine 159.
(luatex.def)             Requested size: 192.48302pt x 194.16937pt.
<images/created/setrelationhassediagram.png, id=956, 655.44875pt x 804.00375pt>

File: images/created/setrelationhassediagram.png Graphic file (type png)
<use images/created/setrelationhassediagram.png>
Package luatex.def Info: images/created/setrelationhassediagram.png  used on in
put line 166.
(luatex.def)             Requested size: 157.31091pt x 192.96484pt.
<images/created/relationgraph_1.png, id=957, 501.875pt x 490.83376pt>
File: images/created/relationgraph_1.png Graphic file (type png)
<use images/created/relationgraph_1.png>
Package luatex.def Info: images/created/relationgraph_1.png  used on input line
 186.
(luatex.def)             Requested size: 120.45245pt x 117.8025pt.
 [70

<./images/created/setrelationdiagram.png><./images/created/setrelationhassediagr
am.png><./images/created/relationgraph_1.png>]
<images/created/relationgraph_2.png, id=972, 421.575pt x 412.54124pt>
File: images/created/relationgraph_2.png Graphic file (type png)
<use images/created/relationgraph_2.png>
Package luatex.def Info: images/created/relationgraph_2.png  used on input line
 202.
(luatex.def)             Requested size: 101.18005pt x 99.01192pt.
<images/created/relationgraph_3.png, id=973, 354.32375pt x 344.28625pt>
File: images/created/relationgraph_3.png Graphic file (type png)
<use images/created/relationgraph_3.png>
Package luatex.def Info: images/created/relationgraph_3.png  used on input line
 216.
(luatex.def)             Requested size: 85.03943pt x 82.63039pt.
<images/created/relationgraph_4.png, id=974, 394.47375pt x 386.44376pt>
File: images/created/relationgraph_4.png Graphic file (type png)
<use images/created/relationgraph_4.png>
Package luatex.def Info: images/created/relationgraph_4.png  used on input line
 229.
(luatex.def)             Requested size: 94.67563pt x 92.74838pt.
<images/created/relationgraph_5.png, id=975, 394.47375pt x 386.44376pt>
File: images/created/relationgraph_5.png Graphic file (type png)
<use images/created/relationgraph_5.png>
Package luatex.def Info: images/created/relationgraph_5.png  used on input line
 242.
(luatex.def)             Requested size: 94.67563pt x 92.74838pt.
 [71

<./images/created/relationgraph_2.png><./images/created/relationgraph_3.png><./i
mages/created/relationgraph_4.png><./images/created/relationgraph_5.png>]
<images/created/partition_of_Z.png, id=1002, 1368.11125pt x 433.62pt>
File: images/created/partition_of_Z.png Graphic file (type png)
<use images/created/partition_of_Z.png>
Package luatex.def Info: images/created/partition_of_Z.png  used on input line 
282.
(luatex.def)             Requested size: 328.35341pt x 104.07092pt.
 [72

<./images/created/partition_of_Z.png>]
Underfull \vbox (badness 10000) has occurred while \output is active []


Underfull \vbox (badness 10000) has occurred while \output is active []

 [73]
[74

]
<images/created/eq_class_diagram.png, id=1032, 610.28pt x 596.2275pt>
File: images/created/eq_class_diagram.png Graphic file (type png)
<use images/created/eq_class_diagram.png>
Package luatex.def Info: images/created/eq_class_diagram.png  used on input lin
e 337.
(luatex.def)             Requested size: 146.47018pt x 143.09752pt.
<images/created/eq_class_diagram2.png, id=1033, 610.28pt x 596.2275pt>
File: images/created/eq_class_diagram2.png Graphic file (type png)
<use images/created/eq_class_diagram2.png>
Package luatex.def Info: images/created/eq_class_diagram2.png  used on input li
ne 344.
(luatex.def)             Requested size: 146.47018pt x 143.09752pt.
<images/created/eq_class_diagram3.png, id=1034, 591.20876pt x 493.845pt>
File: images/created/eq_class_diagram3.png Graphic file (type png)
<use images/created/eq_class_diagram3.png>
Package luatex.def Info: images/created/eq_class_diagram3.png  used on input li
ne 351.
(luatex.def)             Requested size: 141.89299pt x 118.5252pt.
) [75

<./images/created/eq_class_diagram.png><./images/created/eq_class_diagram2.png><
./images/created/eq_class_diagram3.png>]
(./chapters/relations/functions.tex
<images/created/function_image_example.png, id=1045, 755.82375pt x 846.16125pt>

File: images/created/function_image_example.png Graphic file (type png)
<use images/created/function_image_example.png>
Package luatex.def Info: images/created/function_image_example.png  used on inp
ut line 22.
(luatex.def)             Requested size: 181.4014pt x 203.08284pt.

Overfull \hbox (14.67471pt too wide) detected at line 30
\OML/cmm/m/it/12 S \U/FdSymbolB/m/n/12 ^^@ [] \OML/cmm/m/it/12 :
 []

<images/created/blank_function_diagram.png, id=1046, 661.47125pt x 715.67375pt>

File: images/created/blank_function_diagram.png Graphic file (type png)
<use images/created/blank_function_diagram.png>
Package luatex.def Info: images/created/blank_function_diagram.png  used on inp
ut line 34.
(luatex.def)             Requested size: 158.75633pt x 171.7652pt.
[76

<./images/created/function_image_example.png><./images/created/blank_function_di
agram.png>]
<images/created/function_prob.png, id=1057, 602.25pt x 644.4075pt>
File: images/created/function_prob.png Graphic file (type png)
<use images/created/function_prob.png>
Package luatex.def Info: images/created/function_prob.png  used on input line 5
0.
(luatex.def)             Requested size: 144.54294pt x 154.66095pt.
<images/created/function_algebraic.png, id=1058, 781.92125pt x 592.2125pt>
File: images/created/function_algebraic.png Graphic file (type png)
<use images/created/function_algebraic.png>
Package luatex.def Info: images/created/function_algebraic.png  used on input l
ine 67.
(luatex.def)             Requested size: 187.66493pt x 142.1339pt.
<images/created/function_piecewise.png, id=1059, 602.25pt x 644.4075pt>
File: images/created/function_piecewise.png Graphic file (type png)
<use images/created/function_piecewise.png>
Package luatex.def Info: images/created/function_piecewise.png  used on input l
ine 90.
(luatex.def)             Requested size: 144.54294pt x 154.66095pt.

Underfull \vbox (badness 10000) has occurred while \output is active []


Underfull \vbox (badness 10000) has occurred while \output is active []

 [77

<./images/created/function_prob.png><./images/created/function_algebraic.png><./
images/created/function_piecewise.png>]
<images/created/function_ontoonly.png, id=1070, 800.9925pt x 540.0175pt>
File: images/created/function_ontoonly.png Graphic file (type png)
<use images/created/function_ontoonly.png>
Package luatex.def Info: images/created/function_ontoonly.png  used on input li
ne 118.
(luatex.def)             Requested size: 192.24213pt x 129.60684pt.
<images/created/function_neither.png, id=1071, 800.9925pt x 540.0175pt>
File: images/created/function_neither.png Graphic file (type png)
<use images/created/function_neither.png>
Package luatex.def Info: images/created/function_neither.png  used on input lin
e 126.
(luatex.def)             Requested size: 192.24213pt x 129.60684pt.
<images/created/function_both.png, id=1072, 800.9925pt x 540.0175pt>
File: images/created/function_both.png Graphic file (type png)
<use images/created/function_both.png>
Package luatex.def Info: images/created/function_both.png  used on input line 1
37.
(luatex.def)             Requested size: 192.24213pt x 129.60684pt.
<images/created/function_onetoone.png, id=1073, 800.9925pt x 540.0175pt>
File: images/created/function_onetoone.png Graphic file (type png)
<use images/created/function_onetoone.png>
Package luatex.def Info: images/created/function_onetoone.png  used on input li
ne 145.
(luatex.def)             Requested size: 192.24213pt x 129.60684pt.
 [78

<./images/created/function_ontoonly.png><./images/created/function_neither.png><
./images/created/function_both.png><./images/created/function_onetoone.png>]
<images/created/function_spiral.png, id=1088, 1008.76875pt x 1008.76875pt>
File: images/created/function_spiral.png Graphic file (type png)
<use images/created/function_spiral.png>
Package luatex.def Info: images/created/function_spiral.png  used on input line
 174.
(luatex.def)             Requested size: 242.10945pt x 242.10945pt.

Underfull \vbox (badness 10000) has occurred while \output is active []


Underfull \vbox (badness 10000) has occurred while \output is active []

 [79

<./images/created/function_spiral.png>]
<images/created/function_composition0.png, id=1103, 854.19125pt x 364.36125pt>
File: images/created/function_composition0.png Graphic file (type png)
<use images/created/function_composition0.png>
Package luatex.def Info: images/created/function_composition0.png  used on inpu
t line 209.
(luatex.def)             Requested size: 205.01009pt x 87.44847pt.
 (./tikz/function_composition2.tex)
(./tikz/function_composition1.tex) (./tikz/function_composition3.tex)
(./tikz/function_composition4.tex)
Underfull \vbox (badness 10000) has occurred while \output is active []


Underfull \vbox (badness 10000) has occurred while \output is active []

 [80

<./images/created/function_composition0.png>] [81]) [82

])
Chapter 4.
(./chapters/combinatorics/combinatorics_chapter.tex
(./chapters/combinatorics/basics.tex [83



]
<images/created/decision_tree.png, id=1141, 1830.84pt x 745.78625pt>
File: images/created/decision_tree.png Graphic file (type png)
<use images/created/decision_tree.png>
Package luatex.def Info: images/created/decision_tree.png  used on input line 6
8.
(luatex.def)             Requested size: 439.41058pt x 178.99236pt.

Underfull \vbox (badness 10000) has occurred while \output is active []


Underfull \vbox (badness 10000) has occurred while \output is active []

 [84

]
<images/LicensePlate.png, id=1156, 271.0125pt x 139.11975pt>
File: images/LicensePlate.png Graphic file (type png)
<use images/LicensePlate.png>
Package luatex.def Info: images/LicensePlate.png  used on input line 78.
(luatex.def)             Requested size: 144.54pt x 74.20012pt.

Underfull \vbox (badness 10000) has occurred while \output is active []


Underfull \vbox (badness 10000) has occurred while \output is active []

 [85<./images/created/decision_tree.png><./images/LicensePlate.png>]
<images/created/inclusion_exclusion.png, id=1166, 1689.31125pt x 635.37375pt>
File: images/created/inclusion_exclusion.png Graphic file (type png)
<use images/created/inclusion_exclusion.png>
Package luatex.def Info: images/created/inclusion_exclusion.png  used on input 
line 109.
(luatex.def)             Requested size: 405.443pt x 152.49281pt.
<images/created/two_set_venn_diagram.png, id=1167, 1267.73625pt x 853.1875pt>
File: images/created/two_set_venn_diagram.png Graphic file (type png)
<use images/created/two_set_venn_diagram.png>
Package luatex.def Info: images/created/two_set_venn_diagram.png  used on input
 line 126.
(luatex.def)             Requested size: 304.26292pt x 204.76918pt.

Underfull \vbox (badness 10000) has occurred while \output is active []


Underfull \vbox (badness 10000) has occurred while \output is active []

 [86

<./images/created/inclusion_exclusion.png>] [87<./images/created/two_set_venn_di
agram.png>]) [88

] (./chapters/combinatorics/combinations.tex [89

]
<images/created/deck_of_cards.png, id=1196, 1938.24126pt x 847.165pt>
File: images/created/deck_of_cards.png Graphic file (type png)
<use images/created/deck_of_cards.png>
Package luatex.def Info: images/created/deck_of_cards.png  used on input line 3
9.
(luatex.def)             Requested size: 465.18741pt x 203.32375pt.
<images/created/full_house.png, id=1197, 707.64375pt x 185.69376pt>
File: images/created/full_house.png Graphic file (type png)
<use images/created/full_house.png>
Package luatex.def Info: images/created/full_house.png  used on input line 49.
(luatex.def)             Requested size: 169.83797pt x 44.5674pt.
LaTeX Font Info:    Trying to load font information for U+ding on input line 65
.

(/usr/local/texlive/2026/texmf-dist/tex/latex/bbding/Uding.fd
File: Uding.fd 1996/02/01 v1.0 BBding font definitions
)
Underfull \vbox (badness 10000) has occurred while \output is active []


Underfull \vbox (badness 10000) has occurred while \output is active []

 [90

]
<images/created/four_kind.png, id=1209, 707.64375pt x 185.69376pt>
File: images/created/four_kind.png Graphic file (type png)
<use images/created/four_kind.png>
Package luatex.def Info: images/created/four_kind.png  used on input line 74.
(luatex.def)             Requested size: 169.83797pt x 44.5674pt.

Underfull \vbox (badness 10000) has occurred while \output is active []


Underfull \vbox (badness 10000) has occurred while \output is active []

 [91<./images/created/deck_of_cards.png><./images/created/full_house.png>]
<images/created/three_kind.png, id=1225, 707.64375pt x 185.69376pt>
File: images/created/three_kind.png Graphic file (type png)
<use images/created/three_kind.png>
Package luatex.def Info: images/created/three_kind.png  used on input line 101.

(luatex.def)             Requested size: 169.83797pt x 44.5674pt.

Underfull \vbox (badness 10000) has occurred while \output is active []


Underfull \vbox (badness 10000) has occurred while \output is active []

 [92<./images/created/four_kind.png><./images/created/three_kind.png>]
<images/created/two_pair.png, id=1243, 587.19376pt x 156.585pt>
File: images/created/two_pair.png Graphic file (type png)
<use images/created/two_pair.png>
Package luatex.def Info: images/created/two_pair.png  used on input line 142.
(luatex.def)             Requested size: 140.92938pt x 37.58116pt.
<images/created/reds.png, id=1244, 587.19376pt x 156.585pt>
File: images/created/reds.png Graphic file (type png)
<use images/created/reds.png>
Package luatex.def Info: images/created/reds.png  used on input line 165.
(luatex.def)             Requested size: 140.92938pt x 37.58116pt.

Underfull \vbox (badness 10000) has occurred while \output is active []


Underfull \vbox (badness 10000) has occurred while \output is active []

 [93<./images/created/two_pair.png>] (./chapters/combinatorics/pascal.tex
<images/created/pascals_triangle.png, id=1265, 992.70876pt x 665.48625pt>
File: images/created/pascals_triangle.png Graphic file (type png)
<use images/created/pascals_triangle.png>
Package luatex.def Info: images/created/pascals_triangle.png  used on input lin
e 14.
(luatex.def)             Requested size: 238.25497pt x 159.71996pt.

Underfull \vbox (badness 10000) has occurred while \output is active []


Underfull \vbox (badness 10000) has occurred while \output is active []

 [94<./images/created/reds.png><./images/created/pascals_triangle.png>])
Underfull \vbox (badness 10000) has occurred while \output is active []


Underfull \vbox (badness 10000) has occurred while \output is active []

 [95]
\pydata@fh@0=\write9

\openout9 = _FAD58DE7366495DB4650CFEFAC2FCD61.data.minted
runsystem(latexminted config  --timestamp 20260813142849 FAD58DE7366495DB4650CFE
FAC2FCD61)...executed.

(./out/_FAD58DE7366495DB4650CFEFAC2FCD61.config.minted)
runsystem(latexminted cleanconfig  --timestamp 20260813142849 FAD58DE7366495DB46
50CFEFAC2FCD61)...executed.

(./out/_minted/default.style.minted)
(./out/_minted/5F29E5864D19410AE8DC61376CB4F20A.highlight.minted
LaTeX Font Info:    Font shape `TU/lmtt/bx/n' in size <12> not available
(Font)              Font shape `TU/lmtt/b/n' tried instead on input line 2.
)
(./out/_minted/BBC642140E6C433DE97C305D3CEF473C.highlight.minted)
Underfull \vbox (badness 10000) has occurred while \output is active []


Underfull \vbox (badness 10000) has occurred while \output is active []

 [96]
<images/created/zombie_walls1.png, id=1309, 1733.47626pt x 162.6075pt>
File: images/created/zombie_walls1.png Graphic file (type png)
<use images/created/zombie_walls1.png>
Package luatex.def Info: images/created/zombie_walls1.png  used on input line 2
79.
(luatex.def)             Requested size: 416.0428pt x 39.0266pt.
<images/created/zombie_walls2.png, id=1310, 1851.91875pt x 162.6075pt>
File: images/created/zombie_walls2.png Graphic file (type png)
<use images/created/zombie_walls2.png>
Package luatex.def Info: images/created/zombie_walls2.png  used on input line 2
87.
(luatex.def)             Requested size: 444.46959pt x 39.0266pt.

Underfull \vbox (badness 10000) has occurred while \output is active []


Underfull \vbox (badness 10000) has occurred while \output is active []

 [97]
<images/book_shelves.png, id=1318, 539.01375pt x 416.30531pt>
File: images/book_shelves.png Graphic file (type png)
<use images/book_shelves.png>
Package luatex.def Info: images/book_shelves.png  used on input line 297.
(luatex.def)             Requested size: 112.52179pt x 86.90793pt.

[98<./images/created/zombie_walls1.png><./images/created/zombie_walls2.png><./im
ages/book_shelves.png>]
(./out/_minted/C40B6AF57B7654959DB8E02777D9659B.highlight.minted))
Underfull \vbox (badness 10000) has occurred while \output is active []


Underfull \vbox (badness 10000) has occurred while \output is active []

 [99

]
(./chapters/combinatorics/pigeons.tex
<images/created/sample_pigeons.png, id=1337, 985.6825pt x 617.30624pt>
File: images/created/sample_pigeons.png Graphic file (type png)
<use images/created/sample_pigeons.png>
Package luatex.def Info: images/created/sample_pigeons.png  used on input line 
8.
(luatex.def)             Requested size: 236.56863pt x 148.15652pt.
<images/created/westros.png, id=1338, 646.415pt x 1158.3275pt>
File: images/created/westros.png Graphic file (type png)
<use images/created/westros.png>
Package luatex.def Info: images/created/westros.png  used on input line 19.
(luatex.def)             Requested size: 129.2807pt x 231.66139pt.

Underfull \vbox (badness 7777) has occurred while \output is active []


Underfull \vbox (badness 7777) has occurred while \output is active []

 [100

<./images/created/sample_pigeons.png><./images/created/westros.png>])) [101

] [102

]
Chapter 5.
(./chapters/graphs/graph_theory_chapter.tex (./chapters/graphs/basics.tex
<images/created/label_graph.png, id=1363, 783.92876pt x 759.83875pt>
File: images/created/label_graph.png Graphic file (type png)
<use images/created/label_graph.png>
Package luatex.def Info: images/created/label_graph.png  used on input line 9.
(luatex.def)             Requested size: 188.14674pt x 182.36502pt.

Overfull \hbox (1.10751pt too wide) in paragraph at lines 9--10
 [][] 
 []

<images/created/graph_complete.png, id=1364, 281.05pt x 270.00874pt>
File: images/created/graph_complete.png Graphic file (type png)
<use images/created/graph_complete.png>
Package luatex.def Info: images/created/graph_complete.png  used on input line 
34.
(luatex.def)             Requested size: 67.45337pt x 64.8034pt.
<images/created/graph_directed.png, id=1365, 353.32pt x 178.6675pt>
File: images/created/graph_directed.png Graphic file (type png)
<use images/created/graph_directed.png>
Package luatex.def Info: images/created/graph_directed.png  used on input line 
40.
(luatex.def)             Requested size: 84.79852pt x 42.88107pt.
<images/created/graph_bipartite.png, id=1366, 293.095pt x 174.6525pt>
File: images/created/graph_bipartite.png Graphic file (type png)
<use images/created/graph_bipartite.png>
Package luatex.def Info: images/created/graph_bipartite.png  used on input line
 46.
(luatex.def)             Requested size: 70.34422pt x 41.91745pt.
<images/created/graph_bicomplete.png, id=1367, 293.095pt x 174.6525pt>
File: images/created/graph_bicomplete.png Graphic file (type png)
<use images/created/graph_bicomplete.png>
Package luatex.def Info: images/created/graph_bicomplete.png  used on input lin
e 54.
(luatex.def)             Requested size: 70.34422pt x 41.91745pt.
<images/created/graph_tree.png, id=1368, 690.58pt x 263.98625pt>
File: images/created/graph_tree.png Graphic file (type png)
<use images/created/graph_tree.png>
Package luatex.def Info: images/created/graph_tree.png  used on input line 60.
(luatex.def)             Requested size: 165.74258pt x 63.35799pt.
<images/created/graph_bitree.png, id=1369, 334.24875pt x 263.98625pt>
File: images/created/graph_bitree.png Graphic file (type png)
<use images/created/graph_bitree.png>
Package luatex.def Info: images/created/graph_bitree.png  used on input line 66
.
(luatex.def)             Requested size: 80.22133pt x 63.35799pt.

Underfull \vbox (badness 10000) has occurred while \output is active []


Underfull \vbox (badness 10000) has occurred while \output is active []

 [103

<./images/created/label_graph.png>]
Underfull \vbox (badness 10000) has occurred while \output is active []


Underfull \vbox (badness 10000) has occurred while \output is active []

 [104<./images/created/graph_complete.png><./images/created/graph_directed.png><
./images/created/graph_bipartite.png><./images/created/graph_bicomplete.png><./i
mages/created/graph_tree.png><./images/created/graph_bitree.png>]
<images/created/graph_practice.png, id=1395, 738.76pt x 698.61pt>
File: images/created/graph_practice.png Graphic file (type png)
<use images/created/graph_practice.png>
Package luatex.def Info: images/created/graph_practice.png  used on input line 
115.
(luatex.def)             Requested size: 177.30602pt x 167.66982pt.
) [105<./images/created/graph_practice.png>] (./chapters/graphs/walks.tex
<images/created/graph_walk_types.png, id=1404, 630.355pt x 1045.9075pt>
File: images/created/graph_walk_types.png Graphic file (type png)
<use images/created/graph_walk_types.png>
Package luatex.def Info: images/created/graph_walk_types.png  used on input lin
e 6.
(luatex.def)             Requested size: 151.28828pt x 251.02293pt.
<images/created/graph_walk_relations.png, id=1405, 1284.8pt x 433.62pt>
File: images/created/graph_walk_relations.png Graphic file (type png)
<use images/created/graph_walk_relations.png>
Package luatex.def Info: images/created/graph_walk_relations.png  used on input
 line 24.
(luatex.def)             Requested size: 308.3583pt x 104.07092pt.
 [106

<./images/created/graph_walk_types.png><./images/created/graph_walk_relations.pn
g>]
<images/created/graph_euler_pract1.png, id=1414, 624.3325pt x 551.05875pt>
File: images/created/graph_euler_pract1.png Graphic file (type png)
<use images/created/graph_euler_pract1.png>
Package luatex.def Info: images/created/graph_euler_pract1.png  used on input l
ine 43.
(luatex.def)             Requested size: 149.84285pt x 132.25679pt.
<images/created/graph_euler_pract2.png, id=1415, 508.90125pt x 500.87125pt>
File: images/created/graph_euler_pract2.png Graphic file (type png)
<use images/created/graph_euler_pract2.png>
Package luatex.def Info: images/created/graph_euler_pract2.png  used on input l
ine 57.
(luatex.def)             Requested size: 122.1388pt x 120.21155pt.

Underfull \vbox (badness 10000) has occurred while \output is active []


Underfull \vbox (badness 10000) has occurred while \output is active []

 [107

<./images/created/graph_euler_pract1.png><./images/created/graph_euler_pract2.pn
g>]
<images/created/graph_euler_hamilton_thms.png, id=1424, 1891.065pt x 1155.31625
pt>
File: images/created/graph_euler_hamilton_thms.png Graphic file (type png)
<use images/created/graph_euler_hamilton_thms.png>
Package luatex.def Info: images/created/graph_euler_hamilton_thms.png  used on 
input line 80.
(luatex.def)             Requested size: 453.86488pt x 277.28157pt.
<images/created/graph_euler_pract3.png, id=1425, 804.00375pt x 1152.305pt>
File: images/created/graph_euler_pract3.png Graphic file (type png)
<use images/created/graph_euler_pract3.png>
Package luatex.def Info: images/created/graph_euler_pract3.png  used on input l
ine 90.
(luatex.def)             Requested size: 192.96484pt x 276.55885pt.

Underfull \vbox (badness 10000) has occurred while \output is active []


Underfull \vbox (badness 10000) has occurred while \output is active []

 [108<./images/created/graph_euler_hamilton_thms.png>]
<images/created/graph_euler_pract4.png, id=1439, 728.7225pt x 953.5625pt>
File: images/created/graph_euler_pract4.png Graphic file (type png)
<use images/created/graph_euler_pract4.png>
Package luatex.def Info: images/created/graph_euler_pract4.png  used on input l
ine 97.
(luatex.def)             Requested size: 174.89697pt x 228.85968pt.
) [109<./images/created/graph_euler_pract3.png><./images/created/graph_euler_pra
ct4.png>]
(./chapters/graphs/adjacency.tex
<images/created/adj_matrix1.png, id=1448, 454.69875pt x 453.695pt>
File: images/created/adj_matrix1.png Graphic file (type png)
<use images/created/adj_matrix1.png>
Package luatex.def Info: images/created/adj_matrix1.png  used on input line 10.

(luatex.def)             Requested size: 109.12993pt x 108.88902pt.
<images/created/adj_matrix2.png, id=1449, 573.14125pt x 376.40625pt>
File: images/created/adj_matrix2.png Graphic file (type png)
<use images/created/adj_matrix2.png>
Package luatex.def Info: images/created/adj_matrix2.png  used on input line 31.

(luatex.def)             Requested size: 137.5567pt x 90.33934pt.
<images/created/adj_matrix_directed.png, id=1450, 736.7525pt x 335.2525pt>
File: images/created/adj_matrix_directed.png Graphic file (type png)
<use images/created/adj_matrix_directed.png>
Package luatex.def Info: images/created/adj_matrix_directed.png  used on input 
line 54.
(luatex.def)             Requested size: 176.8242pt x 80.46223pt.
 [110

<./images/created/adj_matrix1.png><./images/created/adj_matrix2.png><./images/cr
eated/adj_matrix_directed.png>]
<images/created/matrix_add.png, id=1462, 692.5875pt x 241.90375pt>
File: images/created/matrix_add.png Graphic file (type png)
<use images/created/matrix_add.png>
Package luatex.def Info: images/created/matrix_add.png  used on input line 79.
(luatex.def)             Requested size: 166.2244pt x 58.05807pt.
<images/created/matrix_mult.png, id=1463, 1291.82625pt x 189.70876pt>
File: images/created/matrix_mult.png Graphic file (type png)
<use images/created/matrix_mult.png>
Package luatex.def Info: images/created/matrix_mult.png  used on input line 84.

(luatex.def)             Requested size: 310.04463pt x 45.53102pt.
 [111

<./images/created/matrix_add.png><./images/created/matrix_mult.png>] [112

]
<images/created/graph_adding1.png, id=1492, 1727.45375pt x 357.335pt>
File: images/created/graph_adding1.png Graphic file (type png)
<use images/created/graph_adding1.png>
Package luatex.def Info: images/created/graph_adding1.png  used on input line 1
59.
(luatex.def)             Requested size: 414.59737pt x 85.76215pt.
<images/created/graph_adding2.png, id=1493, 1727.45375pt x 374.39874pt>
File: images/created/graph_adding2.png Graphic file (type png)
<use images/created/graph_adding2.png>
Package luatex.def Info: images/created/graph_adding2.png  used on input line 1
89.
(luatex.def)             Requested size: 414.59737pt x 89.85753pt.
 [113

<./images/created/graph_adding1.png><./images/created/graph_adding2.png>]
<images/created/pagerank.png, id=1503, 1061.9675pt x 424.58624pt>
File: images/created/pagerank.png Graphic file (type png)
<use images/created/pagerank.png>
Package luatex.def Info: images/created/pagerank.png  used on input line 204.
(luatex.def)             Requested size: 254.8774pt x 101.90277pt.

(./out/_minted/F12401AEE7D89D690D1D65CAC9AE96F7.highlight.minted)) [114

<./images/created/pagerank.png>] (./chapters/graphs/trees.tex
<images/created/tree_def.png, id=1512, 1754.555pt x 893.3375pt>
File: images/created/tree_def.png Graphic file (type png)
<use images/created/tree_def.png>
Package luatex.def Info: images/created/tree_def.png  used on input line 6.
(luatex.def)             Requested size: 421.1018pt x 214.40538pt.
<images/created/trees_binary.png, id=1513, 1623.06375pt x 495.8525pt>
File: images/created/trees_binary.png Graphic file (type png)
<use images/created/trees_binary.png>
Package luatex.def Info: images/created/trees_binary.png  used on input line 29
.
(luatex.def)             Requested size: 389.54326pt x 119.00702pt.
 [115

<./images/created/tree_def.png><./images/created/trees_binary.png>]
<images/created/tree_full_binary.png, id=1526, 1650.165pt x 409.53pt>
File: images/created/tree_full_binary.png Graphic file (type png)
<use images/created/tree_full_binary.png>
Package luatex.def Info: images/created/tree_full_binary.png  used on input lin
e 42.
(luatex.def)             Requested size: 396.0477pt x 98.2892pt.
))
Underfull \vbox (badness 10000) has occurred while \output is active []


Underfull \vbox (badness 10000) has occurred while \output is active []

 [116

<./images/created/tree_full_binary.png>]
Appendix A.
(./chapters/appendicies/logic_table.tex [117


]
Overfull \hbox (11.7524pt too wide) in paragraph at lines 34--56
[][] 
 []

[118

]) [119

] [120

]
Appendix B.
(./chapters/appendicies/set_laws.tex [121

] [122

]) [123

] [124

] [125

] [126

]
(./out/main.ind [127

] [128]) [129] (./out/main.aux)
 ***********
LaTeX2e <2025-11-01>
L3 programming layer <2026-01-19>
 ***********
Package rerunfilecheck Info: File `main.out' has not changed.
(rerunfilecheck)             Checksum: 2408B0D8497E34CC210D9D22EC20CABC;3752.
Package logreq Info: Writing requests to 'main.run.xml'.

\openout1 = main.run.xml
)

Here is how much of LuaTeX's memory you used:
 62609 strings out of 476076
 100000,2848258 words of node,token memory allocated
 3341 words of node memory still in use:
   8 hlist, 2 vlist, 2 rule, 4 glue, 4 kern, 1 glyph, 905 attribute, 78 glue_spe
c, 453 attribute_list, 2 write nodes
   avail lists: 1:9,2:7181,3:2929,4:408,5:479,6:278,7:5725,8:74,9:1813,10:29,11:
353,12:1
 82514 multiletter control sequences out of 65536+600000
 138 fonts using 10446719 bytes
 89i,20n,118p,1180b,1843s stack positions out of 10000i,1000n,20000p,200000b,200000s
</usr/local/texlive/2026/texmf-dist/fonts/opentype/public/lm/lmromancaps10-regul
ar.otf></usr/local/texlive/2026/texmf-dist/fonts/opentype/public/lm/lmroman10-it
alic.otf></usr/local/texlive/2026/texmf-dist/fonts/opentype/public/lm/lmroman7-r
egular.otf></usr/local/texlive/2026/texmf-dist/fonts/opentype/public/lm/lmmono10
-italic.otf></usr/local/texlive/2026/texmf-dist/fonts/opentype/public/lm/lmmonol
t10-bold.otf></usr/local/texlive/2026/texmf-dist/fonts/opentype/public/lm/lmroma
n10-regular.otf></usr/local/texlive/2026/texmf-dist/fonts/opentype/public/lm/lmr
oman7-italic.otf></usr/local/texlive/2026/texmf-dist/fonts/opentype/public/lm/lm
roman8-italic.otf></usr/local/texlive/2026/texmf-dist/fonts/opentype/public/lm/l
mromanslant12-regular.otf></usr/local/texlive/2026/texmf-dist/fonts/opentype/pub
lic/lm/lmroman10-bolditalic.otf></usr/local/texlive/2026/texmf-dist/fonts/openty
pe/public/lm/lmroman12-italic.otf></usr/local/texlive/2026/texmf-dist/fonts/open
type/public/lm/lmroman12-bold.otf></usr/local/texlive/2026/texmf-dist/fonts/open
type/public/lm/lmmono12-regular.otf></usr/local/texlive/2026/texmf-dist/fonts/op
entype/public/lm/lmroman12-regular.otf></usr/local/texlive/2026/texmf-dist/fonts
/opentype/public/lm/lmroman17-regular.otf></usr/local/texlive/2026/texmf-dist/fo
nts/type1/public/fdsymbol/FdSymbolA-Book.pfb></usr/local/texlive/2026/texmf-dist
/fonts/type1/public/fdsymbol/FdSymbolB-Book.pfb></usr/local/texlive/2026/texmf-d
ist/fonts/type1/public/fdsymbol/FdSymbolC-Book.pfb></usr/local/texlive/2026/texm
f-dist/fonts/type1/public/fdsymbol/FdSymbolE-Book.pfb></usr/local/texlive/2026/t
exmf-dist/fonts/type1/public/fdsymbol/FdSymbolF-Book.pfb></usr/local/texlive/202
6/texmf-dist/fonts/type1/public/niceframe-type1/bbding10.pfb></usr/local/texlive
/2026/texmf-dist/fonts/type1/public/amsfonts/cm/cmmi10.pfb></usr/local/texlive/2
026/texmf-dist/fonts/type1/public/amsfonts/cm/cmmi12.pfb></usr/local/texlive/202
6/texmf-dist/fonts/type1/public/amsfonts/cm/cmmi6.pfb></usr/local/texlive/2026/t
exmf-dist/fonts/type1/public/amsfonts/cm/cmmi8.pfb></usr/local/texlive/2026/texm
f-dist/fonts/type1/public/amsfonts/cm/cmr10.pfb></usr/local/texlive/2026/texmf-d
ist/fonts/type1/public/amsfonts/cm/cmr12.pfb></usr/local/texlive/2026/texmf-dist
/fonts/type1/public/amsfonts/cm/cmr8.pfb></usr/local/texlive/2026/texmf-dist/fon
ts/type1/public/amsfonts/cm/cmsy10.pfb></usr/local/texlive/2026/texmf-dist/fonts
/type1/public/amsfonts/cm/cmsy8.pfb></usr/local/texlive/2026/texmf-dist/fonts/ty
pe1/public/amsfonts/symbols/msbm10.pfb></usr/local/texlive/2026/texmf-dist/fonts
/type1/public/rsfs/rsfs10.pfb></usr/local/texlive/2026/texmf-dist/fonts/type1/pu
blic/yfonts-t1/yfrak.pfb>
Output written on main.pdf (129 pages, 3589522 bytes).

PDF statistics: 2021 PDF objects out of 2073 (max. 8388607)
 1558 compressed objects within 16 object streams
 671 named destinations out of 1000 (max. 1048576)
 232 words of extra memory for PDF output out of 10000 (max. 100000000)

